Work Item ID: 1572 	 Module: Claims Adjudication 	 Name: EOB Document Generation - Variant 23 	 Id: TC1371 	 Description: Verify system handles invalid or missing data during EOB Document Generation 	 Precondition: Inbound EDI 837 claim processing queue online. 	 Test Step: 1 	 Test Step Description: Submit claim batch containing edge case scenarios for EOB Document Generation 	 Test Step Expected Result: System flags anomaly and routed claim to review queue instantly.,
	Work Item ID: 1572 	 Module: Claims Adjudication 	 Name: Interest Penalty Calculation - Variant 11 	 Id: TC0699 	 Description: Verify system handles invalid or missing data during Interest Penalty Calculation 	 Precondition: Inbound EDI 837 claim processing queue online. 	 Test Step: 1 	 Test Step Description: Submit claim batch containing edge case scenarios for Interest Penalty Calculation 	 Test Step Expected Result: System flags anomaly and routed claim to review queue instantly.,
	Work Item ID: 1572 	 Module: Claims Adjudication 	 Name: Provider NPI Verification - Variant 11 	 Id: TC0678 	 Description: Verify claims rules engine properly calculates Provider NPI Verification 	 Precondition: Member eligibility database active and updated. 	 Test Step: 1 	 Test Step Description: Trigger automated rules evaluation pipeline for Provider NPI Verification 	 Test Step Expected Result: Claim status transitions to expected terminal state with proper reason code.,
	Work Item ID: 1571 	 Module: Patient Portal Appointments 	 Name: Location Map View - Variant 4 	 Id: TC0242 	 Description: Verify behavior of Location Map View under standard network load conditions 	 Precondition: Database populated with active patient appointment records. 	 Test Step: 1 	 Test Step Description: Select the target option from 'My Appointments' view for Location Map View 	 Test Step Expected Result: Correct data visual tags render cleanly without page overflow.,
	Work Item ID: 1573 	 Module: AI Insights & Anomaly Detection 	 Name: Alert Dismissal Persistence - Variant 12 	 Id: TC0736 	 Description: Verify accuracy and SLA metrics for Alert Dismissal Persistence predictive execution 	 Precondition: Model checkpoint v2.4 loaded in runtime environment. 	 Test Step: 1 	 Test Step Description: Interact with AI insight card component for Alert Dismissal Persistence 	 Test Step Expected Result: Explanation model outputs clear feature contribution breakdown.,
	Work Item ID: 1573 	 Module: AI Insights & Anomaly Detection 	 Name: Cost Spike Detection - Variant 19 	 Id: TC1129 	 Description: Verify AI pipeline capabilities when processing Cost Spike Detection 	 Precondition: AI predictive inference service active. 	 Test Step: 1 	 Test Step Description: Inject sample telemetry dataset into stream to evaluate Cost Spike Detection 	 Test Step Expected Result: AI processing layer identifies pattern and updates UI cards within SLA.,
	Work Item ID: 1572 	 Module: Claims Adjudication 	 Name: Maximum Out-of-Pocket Cap - Variant 22 	 Id: TC1344 	 Description: Verify system flags exception when Maximum Out-of-Pocket Cap criteria are met 	 Precondition: Fee schedule table configured in runtime memory. 	 Test Step: 1 	 Test Step Description: Inspect adjudication output parameters for Maximum Out-of-Pocket Cap 	 Test Step Expected Result: Financial liability split correctly between member and plan.,
	Work Item ID: 1573 	 Module: AI Insights & Anomaly Detection 	 Name: Automated Summary Generation - Variant 4 	 Id: TC0277 	 Description: Verify AI pipeline capabilities when processing Automated Summary Generation 	 Precondition: AI predictive inference service active. 	 Test Step: 1 	 Test Step Description: Inject sample telemetry dataset into stream to evaluate Automated Summary Generation 	 Test Step Expected Result: AI processing layer identifies pattern and updates UI cards within SLA.,
	Work Item ID: 1572 	 Module: Claims Adjudication 	 Name: Provider NPI Verification - Variant 8 	 Id: TC0498 	 Description: Verify claims rules engine properly calculates Provider NPI Verification 	 Precondition: Member eligibility database active and updated. 	 Test Step: 1 	 Test Step Description: Trigger automated rules evaluation pipeline for Provider NPI Verification 	 Test Step Expected Result: Claim status transitions to expected terminal state with proper reason code.,
	Work Item ID: 1573 	 Module: AI Insights & Anomaly Detection 	 Name: Predictive No-Show Score - Variant 7 	 Id: TC0406 	 Description: Verify dashboard UI component displays output from Predictive No-Show Score 	 Precondition: Historical baseline metrics ingested and indexed. 	 Test Step: 1 	 Test Step Description: Trigger dashboard refresh and monitor response latency for Predictive No-Show Score 	 Test Step Expected Result: Visualization widget renders top trends with accurate confidence scores.,
	Work Item ID: 1571 	 Module: Patient Portal Appointments 	 Name: Telehealth Link Generation - Variant 9 	 Id: TC0545 	 Description: Verify that Telehealth Link Generation operates correctly when loaded by patient user 	 Precondition: Patient user logged in with valid session token. 	 Test Step: 1 	 Test Step Description: Navigate to the Patient Portal dashboard and trigger Telehealth Link Generation 	 Test Step Expected Result: System successfully processes request and updates UI state within 2 seconds.,
	Work Item ID: 1573 	 Module: AI Insights & Anomaly Detection 	 Name: Historical Baseline Comparison - Variant 19 	 Id: TC1162 	 Description: Verify dashboard UI component displays output from Historical Baseline Comparison 	 Precondition: Historical baseline metrics ingested and indexed. 	 Test Step: 1 	 Test Step Description: Trigger dashboard refresh and monitor response latency for Historical Baseline Comparison 	 Test Step Expected Result: Visualization widget renders top trends with accurate confidence scores.,
	Work Item ID: 1571 	 Module: Patient Portal Appointments 	 Name: Reschedule Request - Variant 16 	 Id: TC0956 	 Description: Verify edge case data handling during Reschedule Request execution 	 Precondition: User profile settings configured with default preferences. 	 Test Step: 1 	 Test Step Description: Submit the request form and observe screen update for Reschedule Request 	 Test Step Expected Result: System logs action correctly and maintains complete session data integrity.,
	Work Item ID: 1573 	 Module: AI Insights & Anomaly Detection 	 Name: Historical Baseline Comparison - Variant 18 	 Id: TC1102 	 Description: Verify dashboard UI component displays output from Historical Baseline Comparison 	 Precondition: Historical baseline metrics ingested and indexed. 	 Test Step: 1 	 Test Step Description: Trigger dashboard refresh and monitor response latency for Historical Baseline Comparison 	 Test Step Expected Result: Visualization widget renders top trends with accurate confidence scores.,
	Work Item ID: 1573 	 Module: AI Insights & Anomaly Detection 	 Name: Anomaly Detection Alert 	 Id: TC002 	 Description: Verify alert generation SLA when a product metric deviates from historical distribution boundaries 	 Precondition: Pre-trained predictive model cores are fully operational. 	 Test Step: 1 	 Test Step Description: Inject anomalous sample data stream into active processing queue paths. 	 Test Step Expected Result: AI processing layer intercepts structural boundary exception and sends a system alert UI notification within 2 seconds.,
	Work Item ID: 1572 	 Module: Claims Adjudication 	 Name: Adjustment Code Processing - Variant 21 	 Id: TC1275 	 Description: Verify system handles invalid or missing data during Adjustment Code Processing 	 Precondition: Inbound EDI 837 claim processing queue online. 	 Test Step: 1 	 Test Step Description: Submit claim batch containing edge case scenarios for Adjustment Code Processing 	 Test Step Expected Result: System flags anomaly and routed claim to review queue instantly.,
	Work Item ID: 1573 	 Module: AI Insights & Anomaly Detection 	 Name: Alert Dismissal Persistence - Variant 8 	 Id: TC0496 	 Description: Verify accuracy and SLA metrics for Alert Dismissal Persistence predictive execution 	 Precondition: Model checkpoint v2.4 loaded in runtime environment. 	 Test Step: 1 	 Test Step Description: Interact with AI insight card component for Alert Dismissal Persistence 	 Test Step Expected Result: Explanation model outputs clear feature contribution breakdown.,
	Work Item ID: 1571 	 Module: Patient Portal Appointments 	 Name: Reschedule Request - Variant 12 	 Id: TC0716 	 Description: Verify edge case data handling during Reschedule Request execution 	 Precondition: User profile settings configured with default preferences. 	 Test Step: 1 	 Test Step Description: Submit the request form and observe screen update for Reschedule Request 	 Test Step Expected Result: System logs action correctly and maintains complete session data integrity.,
	Work Item ID: 1573 	 Module: AI Insights & Anomaly Detection 	 Name: False Positive Feedback Loop - Variant 23 	 Id: TC1387 	 Description: Verify real-time notification trigger during False Positive Feedback Loop 	 Precondition: Kafka event streaming topic connected. 	 Test Step: 1 	 Test Step Description: Simulate statistical deviation vector to validate False Positive Feedback Loop 	 Test Step Expected Result: System generates high-priority notification banner instantly.,
	Work Item ID: 1571 	 Module: Patient Portal Appointments 	 Name: Location Map View - Variant 21 	 Id: TC1262 	 Description: Verify behavior of Location Map View under standard network load conditions 	 Precondition: Database populated with active patient appointment records. 	 Test Step: 1 	 Test Step Description: Select the target option from 'My Appointments' view for Location Map View 	 Test Step Expected Result: Correct data visual tags render cleanly without page overflow.,
	Work Item ID: 1572 	 Module: Claims Adjudication 	 Name: EOB Document Generation - Variant 22 	 Id: TC1311 	 Description: Verify system handles invalid or missing data during EOB Document Generation 	 Precondition: Inbound EDI 837 claim processing queue online. 	 Test Step: 1 	 Test Step Description: Submit claim batch containing edge case scenarios for EOB Document Generation 	 Test Step Expected Result: System flags anomaly and routed claim to review queue instantly.,
	Work Item ID: 1572 	 Module: Claims Adjudication 	 Name: Claim Line Item Split - Variant 4 	 Id: TC0234 	 Description: Verify claims rules engine properly calculates Claim Line Item Split 	 Precondition: Member eligibility database active and updated. 	 Test Step: 1 	 Test Step Description: Trigger automated rules evaluation pipeline for Claim Line Item Split 	 Test Step Expected Result: Claim status transitions to expected terminal state with proper reason code.,
	Work Item ID: 1571 	 Module: Patient Portal Appointments 	 Name: Location Map View - Variant 23 	 Id: TC1382 	 Description: Verify behavior of Location Map View under standard network load conditions 	 Precondition: Database populated with active patient appointment records. 	 Test Step: 1 	 Test Step Description: Select the target option from 'My Appointments' view for Location Map View 	 Test Step Expected Result: Correct data visual tags render cleanly without page overflow.,
	Work Item ID: 1572 	 Module: Claims Adjudication 	 Name: Provider NPI Verification - Variant 23 	 Id: TC1398 	 Description: Verify claims rules engine properly calculates Provider NPI Verification 	 Precondition: Member eligibility database active and updated. 	 Test Step: 1 	 Test Step Description: Trigger automated rules evaluation pipeline for Provider NPI Verification 	 Test Step Expected Result: Claim status transitions to expected terminal state with proper reason code.,
	Work Item ID: 1572 	 Module: Claims Adjudication 	 Name: Bundled Service Deduction - Variant 22 	 Id: TC1341 	 Description: Verify adjudication engine logic for Bundled Service Deduction 	 Precondition: Claim adjudication rules engine initialized. 	 Test Step: 1 	 Test Step Description: Ingest synthetic claim payload testing Bundled Service Deduction into the engine 	 Test Step Expected Result: Adjudication engine applies correct formula and outputs calculated totals.,
	Work Item ID: 1571 	 Module: Patient Portal Appointments 	 Name: Print Summary - Variant 23 	 Id: TC1394 	 Description: Verify behavior of Print Summary under standard network load conditions 	 Precondition: Database populated with active patient appointment records. 	 Test Step: 1 	 Test Step Description: Select the target option from 'My Appointments' view for Print Summary 	 Test Step Expected Result: Correct data visual tags render cleanly without page overflow.,
	Work Item ID: 1573 	 Module: AI Insights & Anomaly Detection 	 Name: Explanation Tooltip Generation - Variant 3 	 Id: TC0193 	 Description: Verify AI pipeline capabilities when processing Explanation Tooltip Generation 	 Precondition: AI predictive inference service active. 	 Test Step: 1 	 Test Step Description: Inject sample telemetry dataset into stream to evaluate Explanation Tooltip Generation 	 Test Step Expected Result: AI processing layer identifies pattern and updates UI cards within SLA.,
	Work Item ID: 1573 	 Module: AI Insights & Anomaly Detection 	 Name: Predictive No-Show Score - Variant 10 	 Id: TC0586 	 Description: Verify dashboard UI component displays output from Predictive No-Show Score 	 Precondition: Historical baseline metrics ingested and indexed. 	 Test Step: 1 	 Test Step Description: Trigger dashboard refresh and monitor response latency for Predictive No-Show Score 	 Test Step Expected Result: Visualization widget renders top trends with accurate confidence scores.,
	Work Item ID: 1572 	 Module: Claims Adjudication 	 Name: Maximum Out-of-Pocket Cap - Variant 8 	 Id: TC0504 	 Description: Verify system flags exception when Maximum Out-of-Pocket Cap criteria are met 	 Precondition: Fee schedule table configured in runtime memory. 	 Test Step: 1 	 Test Step Description: Inspect adjudication output parameters for Maximum Out-of-Pocket Cap 	 Test Step Expected Result: Financial liability split correctly between member and plan.,
	Work Item ID: 1571 	 Module: Patient Portal Appointments 	 Name: Mobile Responsive Grid - Variant 10 	 Id: TC0635 	 Description: Verify UI validation and error handling for Mobile Responsive Grid 	 Precondition: Mock scheduling API server online and reachable. 	 Test Step: 1 	 Test Step Description: Execute user interaction sequence corresponding to Mobile Responsive Grid 	 Test Step Expected Result: Appropriate status indicator displays with expected confirmation message.,
	Work Item ID: 1573 	 Module: AI Insights & Anomaly Detection 	 Name: Confidence Threshold Filter - Variant 3 	 Id: TC0184 	 Description: Verify accuracy and SLA metrics for Confidence Threshold Filter predictive execution 	 Precondition: Model checkpoint v2.4 loaded in runtime environment. 	 Test Step: 1 	 Test Step Description: Interact with AI insight card component for Confidence Threshold Filter 	 Test Step Expected Result: Explanation model outputs clear feature contribution breakdown.,
	Work Item ID: 1571 	 Module: Patient Portal Appointments 	 Name: Timezone Sync - Variant 6 	 Id: TC0341 	 Description: Verify that Timezone Sync operates correctly when loaded by patient user 	 Precondition: Patient user logged in with valid session token. 	 Test Step: 1 	 Test Step Description: Navigate to the Patient Portal dashboard and trigger Timezone Sync 	 Test Step Expected Result: System successfully processes request and updates UI state within 2 seconds.,
	Work Item ID: 1572 	 Module: Claims Adjudication 	 Name: High Value Claim Audit Trigger - Variant 3 	 Id: TC0210 	 Description: Verify claims rules engine properly calculates High Value Claim Audit Trigger 	 Precondition: Member eligibility database active and updated. 	 Test Step: 1 	 Test Step Description: Trigger automated rules evaluation pipeline for High Value Claim Audit Trigger 	 Test Step Expected Result: Claim status transitions to expected terminal state with proper reason code.,
	Work Item ID: 1572 	 Module: Claims Adjudication 	 Name: Timely Filing Limit Edge - Variant 7 	 Id: TC0426 	 Description: Verify claims rules engine properly calculates Timely Filing Limit Edge 	 Precondition: Member eligibility database active and updated. 	 Test Step: 1 	 Test Step Description: Trigger automated rules evaluation pipeline for Timely Filing Limit Edge 	 Test Step Expected Result: Claim status transitions to expected terminal state with proper reason code.,
	Work Item ID: 1571 	 Module: Patient Portal Appointments 	 Name: Reschedule Request - Variant 8 	 Id: TC0476 	 Description: Verify edge case data handling during Reschedule Request execution 	 Precondition: User profile settings configured with default preferences. 	 Test Step: 1 	 Test Step Description: Submit the request form and observe screen update for Reschedule Request 	 Test Step Expected Result: System logs action correctly and maintains complete session data integrity.,
	Work Item ID: 1571 	 Module: Patient Portal Appointments 	 Name: Check-in Status Indicator - Variant 20 	 Id: TC1226 	 Description: Verify behavior of Check-in Status Indicator under standard network load conditions 	 Precondition: Database populated with active patient appointment records. 	 Test Step: 1 	 Test Step Description: Select the target option from 'My Appointments' view for Check-in Status Indicator 	 Test Step Expected Result: Correct data visual tags render cleanly without page overflow.,
	Work Item ID: 1572 	 Module: Claims Adjudication 	 Name: EOB Document Generation - Variant 9 	 Id: TC0531 	 Description: Verify system handles invalid or missing data during EOB Document Generation 	 Precondition: Inbound EDI 837 claim processing queue online. 	 Test Step: 1 	 Test Step Description: Submit claim batch containing edge case scenarios for EOB Document Generation 	 Test Step Expected Result: System flags anomaly and routed claim to review queue instantly.,
	Work Item ID: 1572 	 Module: Claims Adjudication 	 Name: Timely Filing Limit Edge - Variant 20 	 Id: TC1206 	 Description: Verify claims rules engine properly calculates Timely Filing Limit Edge 	 Precondition: Member eligibility database active and updated. 	 Test Step: 1 	 Test Step Description: Trigger automated rules evaluation pipeline for Timely Filing Limit Edge 	 Test Step Expected Result: Claim status transitions to expected terminal state with proper reason code.,
	Work Item ID: 1571 	 Module: Patient Portal Appointments 	 Name: No Appointments Empty State - Variant 20 	 Id: TC1229 	 Description: Verify that No Appointments Empty State operates correctly when loaded by patient user 	 Precondition: Patient user logged in with valid session token. 	 Test Step: 1 	 Test Step Description: Navigate to the Patient Portal dashboard and trigger No Appointments Empty State 	 Test Step Expected Result: System successfully processes request and updates UI state within 2 seconds.,
	Work Item ID: 1573 	 Module: AI Insights & Anomaly Detection 	 Name: Historical Baseline Comparison - Variant 17 	 Id: TC1042 	 Description: Verify dashboard UI component displays output from Historical Baseline Comparison 	 Precondition: Historical baseline metrics ingested and indexed. 	 Test Step: 1 	 Test Step Description: Trigger dashboard refresh and monitor response latency for Historical Baseline Comparison 	 Test Step Expected Result: Visualization widget renders top trends with accurate confidence scores.,
	Work Item ID: 1572 	 Module: Claims Adjudication 	 Name: Timely Filing Limit Edge - Variant 9 	 Id: TC0546 	 Description: Verify claims rules engine properly calculates Timely Filing Limit Edge 	 Precondition: Member eligibility database active and updated. 	 Test Step: 1 	 Test Step Description: Trigger automated rules evaluation pipeline for Timely Filing Limit Edge 	 Test Step Expected Result: Claim status transitions to expected terminal state with proper reason code.,
	Work Item ID: 1573 	 Module: AI Insights & Anomaly Detection 	 Name: Unusual Billing Pattern Flag - Variant 9 	 Id: TC0571 	 Description: Verify real-time notification trigger during Unusual Billing Pattern Flag 	 Precondition: Kafka event streaming topic connected. 	 Test Step: 1 	 Test Step Description: Simulate statistical deviation vector to validate Unusual Billing Pattern Flag 	 Test Step Expected Result: System generates high-priority notification banner instantly.,
	Work Item ID: 1572 	 Module: Claims Adjudication 	 Name: Procedure Code Cross-check - Variant 3 	 Id: TC1593 	 Description: Verify adjudication engine logic for Procedure Code Cross-check 	 Precondition: Claim adjudication rules engine initialized. 	 Test Step: 1 	 Test Step Description: Ingest synthetic claim payload testing Procedure Code Cross-check into the engine 	 Test Step Expected Result: Adjudication engine applies correct formula and outputs calculated totals.,
	Work Item ID: 1572 	 Module: Claims Adjudication 	 Name: Interest Penalty Calculation - Variant 22 	 Id: TC2379 	 Description: Verify system handles invalid or missing data during Interest Penalty Calculation 	 Precondition: Inbound EDI 837 claim processing queue online. 	 Test Step: 1 	 Test Step Description: Submit claim batch containing edge case scenarios for Interest Penalty Calculation 	 Test Step Expected Result: System flags anomaly and routed claim to review queue instantly.,
	Work Item ID: 1572 	 Module: Claims Adjudication 	 Name: Bundled Service Deduction - Variant 10 	 Id: TC1887 	 Description: Verify system handles invalid or missing data during Bundled Service Deduction 	 Precondition: Inbound EDI 837 claim processing queue online. 	 Test Step: 1 	 Test Step Description: Submit claim batch containing edge case scenarios for Bundled Service Deduction 	 Test Step Expected Result: System flags anomaly and routed claim to review queue instantly.,
	Work Item ID: 1573 	 Module: AI Insights & Anomaly Detection 	 Name: Real-time Stream Ingestion - Variant 19 	 Id: TC2234 	 Description: Verify dashboard UI component displays output from Real-time Stream Ingestion 	 Precondition: Historical baseline metrics ingested and indexed. 	 Test Step: 1 	 Test Step Description: Trigger dashboard refresh and monitor response latency for Real-time Stream Ingestion 	 Test Step Expected Result: Visualization widget renders top trends with accurate confidence scores.,
	Work Item ID: 1572 	 Module: Claims Adjudication 	 Name: Corrected Claim Resubmission - Variant 9 	 Id: TC1857 	 Description: Verify adjudication engine logic for Corrected Claim Resubmission 	 Precondition: Claim adjudication rules engine initialized. 	 Test Step: 1 	 Test Step Description: Ingest synthetic claim payload testing Corrected Claim Resubmission into the engine 	 Test Step Expected Result: Adjudication engine applies correct formula and outputs calculated totals.,
	Work Item ID: 1572 	 Module: Claims Adjudication 	 Name: Procedure Code Cross-check - Variant 25 	 Id: TC2473 	 Description: Verify adjudication engine logic for Procedure Code Cross-check 	 Precondition: Claim adjudication rules engine initialized. 	 Test Step: 1 	 Test Step Description: Ingest synthetic claim payload testing Procedure Code Cross-check into the engine 	 Test Step Expected Result: Adjudication engine applies correct formula and outputs calculated totals.,
	Work Item ID: 1573 	 Module: AI Insights & Anomaly Detection 	 Name: Feature Attribution UI - Variant 14 	 Id: TC2032 	 Description: Verify accuracy and SLA metrics for Feature Attribution UI predictive execution 	 Precondition: Model checkpoint v2.4 loaded in runtime environment. 	 Test Step: 1 	 Test Step Description: Interact with AI insight card component for Feature Attribution UI 	 Test Step Expected Result: Explanation model outputs clear feature contribution breakdown.,
	Work Item ID: 1573 	 Module: AI Insights & Anomaly Detection 	 Name: False Positive Feedback Loop - Variant 2 	 Id: TC1558 	 Description: Verify dashboard UI component displays output from False Positive Feedback Loop 	 Precondition: Historical baseline metrics ingested and indexed. 	 Test Step: 1 	 Test Step Description: Trigger dashboard refresh and monitor response latency for False Positive Feedback Loop 	 Test Step Expected Result: Visualization widget renders top trends with accurate confidence scores.,
	Work Item ID: 1573 	 Module: AI Insights & Anomaly Detection 	 Name: SLA Performance Tracking - Variant 26 	 Id: TC2530 	 Description: Verify dashboard UI component displays output from SLA Performance Tracking 	 Precondition: Historical baseline metrics ingested and indexed. 	 Test Step: 1 	 Test Step Description: Trigger dashboard refresh and monitor response latency for SLA Performance Tracking 	 Test Step Expected Result: Visualization widget renders top trends with accurate confidence scores.,
	Work Item ID: 1573 	 Module: AI Insights & Anomaly Detection 	 Name: Custom Threshold Setting - Variant 12 	 Id: TC1966 	 Description: Verify dashboard UI component displays output from Custom Threshold Setting 	 Precondition: Historical baseline metrics ingested and indexed. 	 Test Step: 1 	 Test Step Description: Trigger dashboard refresh and monitor response latency for Custom Threshold Setting 	 Test Step Expected Result: Visualization widget renders top trends with accurate confidence scores.,
	Work Item ID: 1573 	 Module: AI Insights & Anomaly Detection 	 Name: Unusual Billing Pattern Flag - Variant 22 	 Id: TC2374 	 Description: Verify dashboard UI component displays output from Unusual Billing Pattern Flag 	 Precondition: Historical baseline metrics ingested and indexed. 	 Test Step: 1 	 Test Step Description: Trigger dashboard refresh and monitor response latency for Unusual Billing Pattern Flag 	 Test Step Expected Result: Visualization widget renders top trends with accurate confidence scores.,
	Work Item ID: 1572 	 Module: Claims Adjudication 	 Name: Corrected Claim Resubmission - Variant 1 	 Id: TC1537 	 Description: Verify adjudication engine logic for Corrected Claim Resubmission 	 Precondition: Claim adjudication rules engine initialized. 	 Test Step: 1 	 Test Step Description: Ingest synthetic claim payload testing Corrected Claim Resubmission into the engine 	 Test Step Expected Result: Adjudication engine applies correct formula and outputs calculated totals.,
	Work Item ID: 1573 	 Module: AI Insights & Anomaly Detection 	 Name: Batch Model Scoring - Variant 1 	 Id: TC1520 	 Description: Verify accuracy and SLA metrics for Batch Model Scoring predictive execution 	 Precondition: Model checkpoint v2.4 loaded in runtime environment. 	 Test Step: 1 	 Test Step Description: Interact with AI insight card component for Batch Model Scoring 	 Test Step Expected Result: Explanation model outputs clear feature contribution breakdown.,
	Work Item ID: 1572 	 Module: Claims Adjudication 	 Name: High Value Claim Audit Trigger - Variant 11 	 Id: TC1933 	 Description: Verify adjudication engine logic for High Value Claim Audit Trigger 	 Precondition: Claim adjudication rules engine initialized. 	 Test Step: 1 	 Test Step Description: Ingest synthetic claim payload testing High Value Claim Audit Trigger into the engine 	 Test Step Expected Result: Adjudication engine applies correct formula and outputs calculated totals.,
	Work Item ID: 1572 	 Module: Claims Adjudication 	 Name: Corrected Claim Resubmission - Variant 8 	 Id: TC1817 	 Description: Verify adjudication engine logic for Corrected Claim Resubmission 	 Precondition: Claim adjudication rules engine initialized. 	 Test Step: 1 	 Test Step Description: Ingest synthetic claim payload testing Corrected Claim Resubmission into the engine 	 Test Step Expected Result: Adjudication engine applies correct formula and outputs calculated totals.,
	Work Item ID: 1572 	 Module: Claims Adjudication 	 Name: EOB Document Generation - Variant 26 	 Id: TC2507 	 Description: Verify system handles invalid or missing data during EOB Document Generation 	 Precondition: Inbound EDI 837 claim processing queue online. 	 Test Step: 1 	 Test Step Description: Submit claim batch containing edge case scenarios for EOB Document Generation 	 Test Step Expected Result: System flags anomaly and routed claim to review queue instantly.,
	Work Item ID: 1573 	 Module: AI Insights & Anomaly Detection 	 Name: Patient Risk Stratification - Variant 19 	 Id: TC2256 	 Description: Verify accuracy and SLA metrics for Patient Risk Stratification predictive execution 	 Precondition: Model checkpoint v2.4 loaded in runtime environment. 	 Test Step: 1 	 Test Step Description: Interact with AI insight card component for Patient Risk Stratification 	 Test Step Expected Result: Explanation model outputs clear feature contribution breakdown.,
	Work Item ID: 1573 	 Module: AI Insights & Anomaly Detection 	 Name: Recommendation Engine Ranking - Variant 29 	 Id: TC2630 	 Description: Verify dashboard UI component displays output from Recommendation Engine Ranking 	 Precondition: Historical baseline metrics ingested and indexed. 	 Test Step: 1 	 Test Step Description: Trigger dashboard refresh and monitor response latency for Recommendation Engine Ranking 	 Test Step Expected Result: Visualization widget renders top trends with accurate confidence scores.,
	Work Item ID: 1572 	 Module: Claims Adjudication 	 Name: Out-of-Network Coinsurance - Variant 8 	 Id: TC1783 	 Description: Verify system handles invalid or missing data during Out-of-Network Coinsurance 	 Precondition: Inbound EDI 837 claim processing queue online. 	 Test Step: 1 	 Test Step Description: Submit claim batch containing edge case scenarios for Out-of-Network Coinsurance 	 Test Step Expected Result: System flags anomaly and routed claim to review queue instantly.,
	Work Item ID: 1573 	 Module: AI Insights & Anomaly Detection 	 Name: Model Drift Monitoring - Variant 11 	 Id: TC1908 	 Description: Verify accuracy and SLA metrics for Model Drift Monitoring predictive execution 	 Precondition: Model checkpoint v2.4 loaded in runtime environment. 	 Test Step: 1 	 Test Step Description: Interact with AI insight card component for Model Drift Monitoring 	 Test Step Expected Result: Explanation model outputs clear feature contribution breakdown.,
	Work Item ID: 1572 	 Module: Claims Adjudication 	 Name: EOB Document Generation - Variant 15 	 Id: TC2067 	 Description: Verify system handles invalid or missing data during EOB Document Generation 	 Precondition: Inbound EDI 837 claim processing queue online. 	 Test Step: 1 	 Test Step Description: Submit claim batch containing edge case scenarios for EOB Document Generation 	 Test Step Expected Result: System flags anomaly and routed claim to review queue instantly.,
	Work Item ID: 1573 	 Module: AI Insights & Anomaly Detection 	 Name: Model Drift Monitoring - Variant 15 	 Id: TC2068 	 Description: Verify accuracy and SLA metrics for Model Drift Monitoring predictive execution 	 Precondition: Model checkpoint v2.4 loaded in runtime environment. 	 Test Step: 1 	 Test Step Description: Interact with AI insight card component for Model Drift Monitoring 	 Test Step Expected Result: Explanation model outputs clear feature contribution breakdown.,
	Work Item ID: 1572 	 Module: Claims Adjudication 	 Name: Batch Claim Ingestion - Variant 20 	 Id: TC2291 	 Description: Verify system handles invalid or missing data during Batch Claim Ingestion 	 Precondition: Inbound EDI 837 claim processing queue online. 	 Test Step: 1 	 Test Step Description: Submit claim batch containing edge case scenarios for Batch Claim Ingestion 	 Test Step Expected Result: System flags anomaly and routed claim to review queue instantly.,
	Work Item ID: 1572 	 Module: Claims Adjudication 	 Name: Maximum Out-of-Pocket Cap - Variant 6 	 Id: TC1729 	 Description: Verify adjudication engine logic for Maximum Out-of-Pocket Cap 	 Precondition: Claim adjudication rules engine initialized. 	 Test Step: 1 	 Test Step Description: Ingest synthetic claim payload testing Maximum Out-of-Pocket Cap into the engine 	 Test Step Expected Result: Adjudication engine applies correct formula and outputs calculated totals.,
	Work Item ID: 1573 	 Module: AI Insights & Anomaly Detection 	 Name: Alert Dismissal Persistence - Variant 4 	 Id: TC1644 	 Description: Verify accuracy and SLA metrics for Alert Dismissal Persistence predictive execution 	 Precondition: Model checkpoint v2.4 loaded in runtime environment. 	 Test Step: 1 	 Test Step Description: Interact with AI insight card component for Alert Dismissal Persistence 	 Test Step Expected Result: Explanation model outputs clear feature contribution breakdown.,
	Work Item ID: 1573 	 Module: AI Insights & Anomaly Detection 	 Name: Data Pipeline Health Monitor - Variant 4 	 Id: TC1652 	 Description: Verify accuracy and SLA metrics for Data Pipeline Health Monitor predictive execution 	 Precondition: Model checkpoint v2.4 loaded in runtime environment. 	 Test Step: 1 	 Test Step Description: Interact with AI insight card component for Data Pipeline Health Monitor 	 Test Step Expected Result: Explanation model outputs clear feature contribution breakdown.,
	Work Item ID: 1572 	 Module: Claims Adjudication 	 Name: Batch Claim Ingestion - Variant 1 	 Id: TC1531 	 Description: Verify system handles invalid or missing data during Batch Claim Ingestion 	 Precondition: Inbound EDI 837 claim processing queue online. 	 Test Step: 1 	 Test Step Description: Submit claim batch containing edge case scenarios for Batch Claim Ingestion 	 Test Step Expected Result: System flags anomaly and routed claim to review queue instantly.,
	Work Item ID: 1573 	 Module: AI Insights & Anomaly Detection 	 Name: Feature Attribution UI - Variant 25 	 Id: TC2472 	 Description: Verify accuracy and SLA metrics for Feature Attribution UI predictive execution 	 Precondition: Model checkpoint v2.4 loaded in runtime environment. 	 Test Step: 1 	 Test Step Description: Interact with AI insight card component for Feature Attribution UI 	 Test Step Expected Result: Explanation model outputs clear feature contribution breakdown.,
	Work Item ID: 1572 	 Module: Claims Adjudication 	 Name: Primary vs Secondary Payer - Variant 12 	 Id: TC1959 	 Description: Verify system handles invalid or missing data during Primary vs Secondary Payer 	 Precondition: Inbound EDI 837 claim processing queue online. 	 Test Step: 1 	 Test Step Description: Submit claim batch containing edge case scenarios for Primary vs Secondary Payer 	 Test Step Expected Result: System flags anomaly and routed claim to review queue instantly.,
	Work Item ID: 1572 	 Module: Claims Adjudication 	 Name: Claim Line Item Split - Variant 23 	 Id: TC2389 	 Description: Verify adjudication engine logic for Claim Line Item Split 	 Precondition: Claim adjudication rules engine initialized. 	 Test Step: 1 	 Test Step Description: Ingest synthetic claim payload testing Claim Line Item Split into the engine 	 Test Step Expected Result: Adjudication engine applies correct formula and outputs calculated totals.,
	Work Item ID: 1572 	 Module: Claims Adjudication 	 Name: EOB Document Generation - Variant 27 	 Id: TC2547 	 Description: Verify system handles invalid or missing data during EOB Document Generation 	 Precondition: Inbound EDI 837 claim processing queue online. 	 Test Step: 1 	 Test Step Description: Submit claim batch containing edge case scenarios for EOB Document Generation 	 Test Step Expected Result: System flags anomaly and routed claim to review queue instantly.,
	Work Item ID: 1573 	 Module: AI Insights & Anomaly Detection 	 Name: Model Drift Monitoring - Variant 14 	 Id: TC2028 	 Description: Verify accuracy and SLA metrics for Model Drift Monitoring predictive execution 	 Precondition: Model checkpoint v2.4 loaded in runtime environment. 	 Test Step: 1 	 Test Step Description: Interact with AI insight card component for Model Drift Monitoring 	 Test Step Expected Result: Explanation model outputs clear feature contribution breakdown.,
	Work Item ID: 1573 	 Module: AI Insights & Anomaly Detection 	 Name: Model Retraining Trigger - Variant 16 	 Id: TC2140 	 Description: Verify accuracy and SLA metrics for Model Retraining Trigger predictive execution 	 Precondition: Model checkpoint v2.4 loaded in runtime environment. 	 Test Step: 1 	 Test Step Description: Interact with AI insight card component for Model Retraining Trigger 	 Test Step Expected Result: Explanation model outputs clear feature contribution breakdown.,
	Work Item ID: 1573 	 Module: AI Insights & Anomaly Detection 	 Name: Unusual Billing Pattern Flag - Variant 18 	 Id: TC2214 	 Description: Verify dashboard UI component displays output from Unusual Billing Pattern Flag 	 Precondition: Historical baseline metrics ingested and indexed. 	 Test Step: 1 	 Test Step Description: Trigger dashboard refresh and monitor response latency for Unusual Billing Pattern Flag 	 Test Step Expected Result: Visualization widget renders top trends with accurate confidence scores.,
	Work Item ID: 1573 	 Module: AI Insights & Anomaly Detection 	 Name: Predictive No-Show Score - Variant 11 	 Id: TC1904 	 Description: Verify accuracy and SLA metrics for Predictive No-Show Score predictive execution 	 Precondition: Model checkpoint v2.4 loaded in runtime environment. 	 Test Step: 1 	 Test Step Description: Interact with AI insight card component for Predictive No-Show Score 	 Test Step Expected Result: Explanation model outputs clear feature contribution breakdown.,
	Work Item ID: 1573 	 Module: AI Insights & Anomaly Detection 	 Name: Alert Dismissal Persistence - Variant 6 	 Id: TC1724 	 Description: Verify accuracy and SLA metrics for Alert Dismissal Persistence predictive execution 	 Precondition: Model checkpoint v2.4 loaded in runtime environment. 	 Test Step: 1 	 Test Step Description: Interact with AI insight card component for Alert Dismissal Persistence 	 Test Step Expected Result: Explanation model outputs clear feature contribution breakdown.,
	Work Item ID: 1572 	 Module: Claims Adjudication 	 Name: Corrected Claim Resubmission - Variant 21 	 Id: TC2337 	 Description: Verify adjudication engine logic for Corrected Claim Resubmission 	 Precondition: Claim adjudication rules engine initialized. 	 Test Step: 1 	 Test Step Description: Ingest synthetic claim payload testing Corrected Claim Resubmission into the engine 	 Test Step Expected Result: Adjudication engine applies correct formula and outputs calculated totals.,
	Work Item ID: 1572 	 Module: Claims Adjudication 	 Name: Interest Penalty Calculation - Variant 17 	 Id: TC2179 	 Description: Verify system handles invalid or missing data during Interest Penalty Calculation 	 Precondition: Inbound EDI 837 claim processing queue online. 	 Test Step: 1 	 Test Step Description: Submit claim batch containing edge case scenarios for Interest Penalty Calculation 	 Test Step Expected Result: System flags anomaly and routed claim to review queue instantly.,
	Work Item ID: 1573 	 Module: AI Insights & Anomaly Detection 	 Name: Cost Spike Detection - Variant 10 	 Id: TC1866 	 Description: Verify dashboard UI component displays output from Cost Spike Detection 	 Precondition: Historical baseline metrics ingested and indexed. 	 Test Step: 1 	 Test Step Description: Trigger dashboard refresh and monitor response latency for Cost Spike Detection 	 Test Step Expected Result: Visualization widget renders top trends with accurate confidence scores.,
	Work Item ID: 1572 	 Module: Claims Adjudication 	 Name: Diagnosis Code Validation - Variant 25 	 Id: TC2471 	 Description: Verify system handles invalid or missing data during Diagnosis Code Validation 	 Precondition: Inbound EDI 837 claim processing queue online. 	 Test Step: 1 	 Test Step Description: Submit claim batch containing edge case scenarios for Diagnosis Code Validation 	 Test Step Expected Result: System flags anomaly and routed claim to review queue instantly.,
	Work Item ID: 1573 	 Module: AI Insights & Anomaly Detection 	 Name: Patient Risk Stratification - Variant 10 	 Id: TC1896 	 Description: Verify accuracy and SLA metrics for Patient Risk Stratification predictive execution 	 Precondition: Model checkpoint v2.4 loaded in runtime environment. 	 Test Step: 1 	 Test Step Description: Interact with AI insight card component for Patient Risk Stratification 	 Test Step Expected Result: Explanation model outputs clear feature contribution breakdown.,
	Work Item ID: 1572 	 Module: Claims Adjudication 	 Name: Interest Penalty Calculation - Variant 23 	 Id: TC2419 	 Description: Verify system handles invalid or missing data during Interest Penalty Calculation 	 Precondition: Inbound EDI 837 claim processing queue online. 	 Test Step: 1 	 Test Step Description: Submit claim batch containing edge case scenarios for Interest Penalty Calculation 	 Test Step Expected Result: System flags anomaly and routed claim to review queue instantly.,
	Work Item ID: 1573 	 Module: AI Insights & Anomaly Detection 	 Name: Custom Threshold Setting - Variant 21 	 Id: TC2326 	 Description: Verify dashboard UI component displays output from Custom Threshold Setting 	 Precondition: Historical baseline metrics ingested and indexed. 	 Test Step: 1 	 Test Step Description: Trigger dashboard refresh and monitor response latency for Custom Threshold Setting 	 Test Step Expected Result: Visualization widget renders top trends with accurate confidence scores.,
	Work Item ID: 1572 	 Module: Claims Adjudication 	 Name: Tax ID Validation - Variant 7 	 Id: TC1775 	 Description: Verify system handles invalid or missing data during Tax ID Validation 	 Precondition: Inbound EDI 837 claim processing queue online. 	 Test Step: 1 	 Test Step Description: Submit claim batch containing edge case scenarios for Tax ID Validation 	 Test Step Expected Result: System flags anomaly and routed claim to review queue instantly.,
	Work Item ID: 1573 	 Module: AI Insights & Anomaly Detection 	 Name: Confidence Threshold Filter - Variant 23 	 Id: TC2396 	 Description: Verify accuracy and SLA metrics for Confidence Threshold Filter predictive execution 	 Precondition: Model checkpoint v2.4 loaded in runtime environment. 	 Test Step: 1 	 Test Step Description: Interact with AI insight card component for Confidence Threshold Filter 	 Test Step Expected Result: Explanation model outputs clear feature contribution breakdown.,
	Work Item ID: 1572 	 Module: Claims Adjudication 	 Name: Maximum Out-of-Pocket Cap - Variant 7 	 Id: TC1769 	 Description: Verify adjudication engine logic for Maximum Out-of-Pocket Cap 	 Precondition: Claim adjudication rules engine initialized. 	 Test Step: 1 	 Test Step Description: Ingest synthetic claim payload testing Maximum Out-of-Pocket Cap into the engine 	 Test Step Expected Result: Adjudication engine applies correct formula and outputs calculated totals.,
	Work Item ID: 1572 	 Module: Claims Adjudication 	 Name: Duplicate Claim Rejection - Variant 11 	 Id: TC1915 	 Description: Verify system handles invalid or missing data during Duplicate Claim Rejection 	 Precondition: Inbound EDI 837 claim processing queue online. 	 Test Step: 1 	 Test Step Description: Submit claim batch containing edge case scenarios for Duplicate Claim Rejection 	 Test Step Expected Result: System flags anomaly and routed claim to review queue instantly.,
	Work Item ID: 1573 	 Module: AI Insights & Anomaly Detection 	 Name: False Positive Feedback Loop - Variant 22 	 Id: TC2358 	 Description: Verify dashboard UI component displays output from False Positive Feedback Loop 	 Precondition: Historical baseline metrics ingested and indexed. 	 Test Step: 1 	 Test Step Description: Trigger dashboard refresh and monitor response latency for False Positive Feedback Loop 	 Test Step Expected Result: Visualization widget renders top trends with accurate confidence scores.,
	Work Item ID: 1572 	 Module: Claims Adjudication 	 Name: Provider NPI Verification - Variant 10 	 Id: TC1885 	 Description: Verify adjudication engine logic for Provider NPI Verification 	 Precondition: Claim adjudication rules engine initialized. 	 Test Step: 1 	 Test Step Description: Ingest synthetic claim payload testing Provider NPI Verification into the engine 	 Test Step Expected Result: Adjudication engine applies correct formula and outputs calculated totals.,
	Work Item ID: 1572 	 Module: Claims Adjudication 	 Name: Corrected Claim Resubmission - Variant 25 	 Id: TC2497 	 Description: Verify adjudication engine logic for Corrected Claim Resubmission 	 Precondition: Claim adjudication rules engine initialized. 	 Test Step: 1 	 Test Step Description: Ingest synthetic claim payload testing Corrected Claim Resubmission into the engine 	 Test Step Expected Result: Adjudication engine applies correct formula and outputs calculated totals.,
	Work Item ID: 1573 	 Module: AI Insights & Anomaly Detection 	 Name: Historical Baseline Comparison - Variant 24 	 Id: TC2448 	 Description: Verify accuracy and SLA metrics for Historical Baseline Comparison predictive execution 	 Precondition: Model checkpoint v2.4 loaded in runtime environment. 	 Test Step: 1 	 Test Step Description: Interact with AI insight card component for Historical Baseline Comparison 	 Test Step Expected Result: Explanation model outputs clear feature contribution breakdown.,
	Work Item ID: 1572 	 Module: Claims Adjudication 	 Name: Pre-authorization Check - Variant 27 	 Id: TC2545 	 Description: Verify adjudication engine logic for Pre-authorization Check 	 Precondition: Claim adjudication rules engine initialized. 	 Test Step: 1 	 Test Step Description: Ingest synthetic claim payload testing Pre-authorization Check into the engine 	 Test Step Expected Result: Adjudication engine applies correct formula and outputs calculated totals.,
	Work Item ID: 1572 	 Module: Claims Adjudication 	 Name: Adjustment Code Processing - Variant 6 	 Id: TC1723 	 Description: Verify system handles invalid or missing data during Adjustment Code Processing 	 Precondition: Inbound EDI 837 claim processing queue online. 	 Test Step: 1 	 Test Step Description: Submit claim batch containing edge case scenarios for Adjustment Code Processing 	 Test Step Expected Result: System flags anomaly and routed claim to review queue instantly.,
	Work Item ID: 1572 	 Module: Claims Adjudication 	 Name: Provider NPI Verification - Variant 15 	 Id: TC2085 	 Description: Verify adjudication engine logic for Provider NPI Verification 	 Precondition: Claim adjudication rules engine initialized. 	 Test Step: 1 	 Test Step Description: Ingest synthetic claim payload testing Provider NPI Verification into the engine 	 Test Step Expected Result: Adjudication engine applies correct formula and outputs calculated totals.,
	Work Item ID: 1572 	 Module: Claims Adjudication 	 Name: Primary vs Secondary Payer - Variant 17 	 Id: TC2159 	 Description: Verify system handles invalid or missing data during Primary vs Secondary Payer 	 Precondition: Inbound EDI 837 claim processing queue online. 	 Test Step: 1 	 Test Step Description: Submit claim batch containing edge case scenarios for Primary vs Secondary Payer 	 Test Step Expected Result: System flags anomaly and routed claim to review queue instantly.,
	Work Item ID: 1573 	 Module: AI Insights & Anomaly Detection 	 Name: Historical Baseline Comparison - Variant 13 	 Id: TC2008 	 Description: Verify accuracy and SLA metrics for Historical Baseline Comparison predictive execution 	 Precondition: Model checkpoint v2.4 loaded in runtime environment. 	 Test Step: 1 	 Test Step Description: Interact with AI insight card component for Historical Baseline Comparison 	 Test Step Expected Result: Explanation model outputs clear feature contribution breakdown.,
	Work Item ID: 1573 	 Module: AI Insights & Anomaly Detection 	 Name: SLA Performance Tracking - Variant 1 	 Id: TC1530 	 Description: Verify dashboard UI component displays output from SLA Performance Tracking 	 Precondition: Historical baseline metrics ingested and indexed. 	 Test Step: 1 	 Test Step Description: Trigger dashboard refresh and monitor response latency for SLA Performance Tracking 	 Test Step Expected Result: Visualization widget renders top trends with accurate confidence scores.,
	Work Item ID: 1572 	 Module: Claims Adjudication 	 Name: Adjustment Code Processing - Variant 25 	 Id: TC2483 	 Description: Verify system handles invalid or missing data during Adjustment Code Processing 	 Precondition: Inbound EDI 837 claim processing queue online. 	 Test Step: 1 	 Test Step Description: Submit claim batch containing edge case scenarios for Adjustment Code Processing 	 Test Step Expected Result: System flags anomaly and routed claim to review queue instantly.,
	Work Item ID: 1573 	 Module: AI Insights & Anomaly Detection 	 Name: False Positive Feedback Loop - Variant 10 	 Id: TC1878 	 Description: Verify dashboard UI component displays output from False Positive Feedback Loop 	 Precondition: Historical baseline metrics ingested and indexed. 	 Test Step: 1 	 Test Step Description: Trigger dashboard refresh and monitor response latency for False Positive Feedback Loop 	 Test Step Expected Result: Visualization widget renders top trends with accurate confidence scores.,
	Work Item ID: 1573 	 Module: AI Insights & Anomaly Detection 	 Name: False Positive Feedback Loop - Variant 12 	 Id: TC1958 	 Description: Verify dashboard UI component displays output from False Positive Feedback Loop 	 Precondition: Historical baseline metrics ingested and indexed. 	 Test Step: 1 	 Test Step Description: Trigger dashboard refresh and monitor response latency for False Positive Feedback Loop 	 Test Step Expected Result: Visualization widget renders top trends with accurate confidence scores.,
	Work Item ID: 1573 	 Module: AI Insights & Anomaly Detection 	 Name: Automated Summary Generation - Variant 5 	 Id: TC1698 	 Description: Verify dashboard UI component displays output from Automated Summary Generation 	 Precondition: Historical baseline metrics ingested and indexed. 	 Test Step: 1 	 Test Step Description: Trigger dashboard refresh and monitor response latency for Automated Summary Generation 	 Test Step Expected Result: Visualization widget renders top trends with accurate confidence scores.,
	Work Item ID: 1572 	 Module: Claims Adjudication 	 Name: Interest Penalty Calculation - Variant 13 	 Id: TC2019 	 Description: Verify system handles invalid or missing data during Interest Penalty Calculation 	 Precondition: Inbound EDI 837 claim processing queue online. 	 Test Step: 1 	 Test Step Description: Submit claim batch containing edge case scenarios for Interest Penalty Calculation 	 Test Step Expected Result: System flags anomaly and routed claim to review queue instantly.,
	Work Item ID: 1572 	 Module: Claims Adjudication 	 Name: Adjustment Code Processing - Variant 15 	 Id: TC2083 	 Description: Verify system handles invalid or missing data during Adjustment Code Processing 	 Precondition: Inbound EDI 837 claim processing queue online. 	 Test Step: 1 	 Test Step Description: Submit claim batch containing edge case scenarios for Adjustment Code Processing 	 Test Step Expected Result: System flags anomaly and routed claim to review queue instantly.,
	Work Item ID: 1572 	 Module: Claims Adjudication 	 Name: Pre-authorization Check - Variant 21 	 Id: TC2305 	 Description: Verify adjudication engine logic for Pre-authorization Check 	 Precondition: Claim adjudication rules engine initialized. 	 Test Step: 1 	 Test Step Description: Ingest synthetic claim payload testing Pre-authorization Check into the engine 	 Test Step Expected Result: Adjudication engine applies correct formula and outputs calculated totals.,
	Work Item ID: 1573 	 Module: AI Insights & Anomaly Detection 	 Name: Data Pipeline Health Monitor - Variant 6 	 Id: TC1732 	 Description: Verify accuracy and SLA metrics for Data Pipeline Health Monitor predictive execution 	 Precondition: Model checkpoint v2.4 loaded in runtime environment. 	 Test Step: 1 	 Test Step Description: Interact with AI insight card component for Data Pipeline Health Monitor 	 Test Step Expected Result: Explanation model outputs clear feature contribution breakdown.,
	Work Item ID: 1572 	 Module: Claims Adjudication 	 Name: Tax ID Validation - Variant 1 	 Id: TC1535 	 Description: Verify system handles invalid or missing data during Tax ID Validation 	 Precondition: Inbound EDI 837 claim processing queue online. 	 Test Step: 1 	 Test Step Description: Submit claim batch containing edge case scenarios for Tax ID Validation 	 Test Step Expected Result: System flags anomaly and routed claim to review queue instantly.,
	Work Item ID: 1573 	 Module: AI Insights & Anomaly Detection 	 Name: SLA Performance Tracking - Variant 5 	 Id: TC1690 	 Description: Verify dashboard UI component displays output from SLA Performance Tracking 	 Precondition: Historical baseline metrics ingested and indexed. 	 Test Step: 1 	 Test Step Description: Trigger dashboard refresh and monitor response latency for SLA Performance Tracking 	 Test Step Expected Result: Visualization widget renders top trends with accurate confidence scores.,
	Work Item ID: 1572 	 Module: Claims Adjudication 	 Name: Claim Line Item Split - Variant 19 	 Id: TC2229 	 Description: Verify adjudication engine logic for Claim Line Item Split 	 Precondition: Claim adjudication rules engine initialized. 	 Test Step: 1 	 Test Step Description: Ingest synthetic claim payload testing Claim Line Item Split into the engine 	 Test Step Expected Result: Adjudication engine applies correct formula and outputs calculated totals.,
	Work Item ID: 1573 	 Module: AI Insights & Anomaly Detection 	 Name: Patient Risk Stratification - Variant 18 	 Id: TC2216 	 Description: Verify accuracy and SLA metrics for Patient Risk Stratification predictive execution 	 Precondition: Model checkpoint v2.4 loaded in runtime environment. 	 Test Step: 1 	 Test Step Description: Interact with AI insight card component for Patient Risk Stratification 	 Test Step Expected Result: Explanation model outputs clear feature contribution breakdown.,
	Work Item ID: 1573 	 Module: AI Insights & Anomaly Detection 	 Name: Recommendation Engine Ranking - Variant 25 	 Id: TC2470 	 Description: Verify dashboard UI component displays output from Recommendation Engine Ranking 	 Precondition: Historical baseline metrics ingested and indexed. 	 Test Step: 1 	 Test Step Description: Trigger dashboard refresh and monitor response latency for Recommendation Engine Ranking 	 Test Step Expected Result: Visualization widget renders top trends with accurate confidence scores.,
	Work Item ID: 1572 	 Module: Claims Adjudication 	 Name: Interest Penalty Calculation - Variant 18 	 Id: TC2219 	 Description: Verify system handles invalid or missing data during Interest Penalty Calculation 	 Precondition: Inbound EDI 837 claim processing queue online. 	 Test Step: 1 	 Test Step Description: Submit claim batch containing edge case scenarios for Interest Penalty Calculation 	 Test Step Expected Result: System flags anomaly and routed claim to review queue instantly.,
	Work Item ID: 1573 	 Module: AI Insights & Anomaly Detection 	 Name: Cost Spike Detection - Variant 26 	 Id: TC2506 	 Description: Verify dashboard UI component displays output from Cost Spike Detection 	 Precondition: Historical baseline metrics ingested and indexed. 	 Test Step: 1 	 Test Step Description: Trigger dashboard refresh and monitor response latency for Cost Spike Detection 	 Test Step Expected Result: Visualization widget renders top trends with accurate confidence scores.,
	Work Item ID: 1573 	 Module: AI Insights & Anomaly Detection 	 Name: Cost Spike Detection - Variant 17 	 Id: TC2146 	 Description: Verify dashboard UI component displays output from Cost Spike Detection 	 Precondition: Historical baseline metrics ingested and indexed. 	 Test Step: 1 	 Test Step Description: Trigger dashboard refresh and monitor response latency for Cost Spike Detection 	 Test Step Expected Result: Visualization widget renders top trends with accurate confidence scores.,
	Work Item ID: 1573 	 Module: AI Insights & Anomaly Detection 	 Name: False Positive Feedback Loop - Variant 14 	 Id: TC2038 	 Description: Verify dashboard UI component displays output from False Positive Feedback Loop 	 Precondition: Historical baseline metrics ingested and indexed. 	 Test Step: 1 	 Test Step Description: Trigger dashboard refresh and monitor response latency for False Positive Feedback Loop 	 Test Step Expected Result: Visualization widget renders top trends with accurate confidence scores.,
	Work Item ID: 1573 	 Module: AI Insights & Anomaly Detection 	 Name: False Positive Feedback Loop - Variant 28 	 Id: TC2598 	 Description: Verify dashboard UI component displays output from False Positive Feedback Loop 	 Precondition: Historical baseline metrics ingested and indexed. 	 Test Step: 1 	 Test Step Description: Trigger dashboard refresh and monitor response latency for False Positive Feedback Loop 	 Test Step Expected Result: Visualization widget renders top trends with accurate confidence scores.,
	Work Item ID: 1573 	 Module: AI Insights & Anomaly Detection 	 Name: Explanation Tooltip Generation - Variant 21 	 Id: TC2322 	 Description: Verify dashboard UI component displays output from Explanation Tooltip Generation 	 Precondition: Historical baseline metrics ingested and indexed. 	 Test Step: 1 	 Test Step Description: Trigger dashboard refresh and monitor response latency for Explanation Tooltip Generation 	 Test Step Expected Result: Visualization widget renders top trends with accurate confidence scores.,
	Work Item ID: 1572 	 Module: Claims Adjudication 	 Name: Denial Code ERR-ENR-02 - Variant 22 	 Id: TC2361 	 Description: Verify adjudication engine logic for Denial Code ERR-ENR-02 	 Precondition: Claim adjudication rules engine initialized. 	 Test Step: 1 	 Test Step Description: Ingest synthetic claim payload testing Denial Code ERR-ENR-02 into the engine 	 Test Step Expected Result: Adjudication engine applies correct formula and outputs calculated totals.,
	Work Item ID: 1573 	 Module: AI Insights & Anomaly Detection 	 Name: Model Drift Monitoring - Variant 17 	 Id: TC2148 	 Description: Verify accuracy and SLA metrics for Model Drift Monitoring predictive execution 	 Precondition: Model checkpoint v2.4 loaded in runtime environment. 	 Test Step: 1 	 Test Step Description: Interact with AI insight card component for Model Drift Monitoring 	 Test Step Expected Result: Explanation model outputs clear feature contribution breakdown.,
	Work Item ID: 1573 	 Module: AI Insights & Anomaly Detection 	 Name: SLA Performance Tracking - Variant 11 	 Id: TC1930 	 Description: Verify dashboard UI component displays output from SLA Performance Tracking 	 Precondition: Historical baseline metrics ingested and indexed. 	 Test Step: 1 	 Test Step Description: Trigger dashboard refresh and monitor response latency for SLA Performance Tracking 	 Test Step Expected Result: Visualization widget renders top trends with accurate confidence scores.,
	Work Item ID: 1572 	 Module: Claims Adjudication 	 Name: Timely Filing Limit Edge - Variant 3 	 Id: TC1597 	 Description: Verify adjudication engine logic for Timely Filing Limit Edge 	 Precondition: Claim adjudication rules engine initialized. 	 Test Step: 1 	 Test Step Description: Ingest synthetic claim payload testing Timely Filing Limit Edge into the engine 	 Test Step Expected Result: Adjudication engine applies correct formula and outputs calculated totals.,
	Work Item ID: 1573 	 Module: AI Insights & Anomaly Detection 	 Name: Explanation Tooltip Generation - Variant 16 	 Id: TC2122 	 Description: Verify dashboard UI component displays output from Explanation Tooltip Generation 	 Precondition: Historical baseline metrics ingested and indexed. 	 Test Step: 1 	 Test Step Description: Trigger dashboard refresh and monitor response latency for Explanation Tooltip Generation 	 Test Step Expected Result: Visualization widget renders top trends with accurate confidence scores.,
	Work Item ID: 1572 	 Module: Claims Adjudication 	 Name: Tax ID Validation - Variant 28 	 Id: TC2615 	 Description: Verify system handles invalid or missing data during Tax ID Validation 	 Precondition: Inbound EDI 837 claim processing queue online. 	 Test Step: 1 	 Test Step Description: Submit claim batch containing edge case scenarios for Tax ID Validation 	 Test Step Expected Result: System flags anomaly and routed claim to review queue instantly.,
	Work Item ID: 1572 	 Module: Claims Adjudication 	 Name: Claim Line Item Split - Variant 29 	 Id: TC2629 	 Description: Verify adjudication engine logic for Claim Line Item Split 	 Precondition: Claim adjudication rules engine initialized. 	 Test Step: 1 	 Test Step Description: Ingest synthetic claim payload testing Claim Line Item Split into the engine 	 Test Step Expected Result: Adjudication engine applies correct formula and outputs calculated totals.,
	Work Item ID: 1573 	 Module: AI Insights & Anomaly Detection 	 Name: Custom Threshold Setting - Variant 5 	 Id: TC1686 	 Description: Verify dashboard UI component displays output from Custom Threshold Setting 	 Precondition: Historical baseline metrics ingested and indexed. 	 Test Step: 1 	 Test Step Description: Trigger dashboard refresh and monitor response latency for Custom Threshold Setting 	 Test Step Expected Result: Visualization widget renders top trends with accurate confidence scores.,
	Work Item ID: 1572 	 Module: Claims Adjudication 	 Name: Batch Claim Ingestion - Variant 29 	 Id: TC2651 	 Description: Verify system handles invalid or missing data during Batch Claim Ingestion 	 Precondition: Inbound EDI 837 claim processing queue online. 	 Test Step: 1 	 Test Step Description: Submit claim batch containing edge case scenarios for Batch Claim Ingestion 	 Test Step Expected Result: System flags anomaly and routed claim to review queue instantly.,
	Work Item ID: 1573 	 Module: AI Insights & Anomaly Detection 	 Name: Negative - API Gateway Timeout 	 Id: TC038 	 Description: Verify system message presentation layers when database connections time out 	 Precondition: Telemetry services unavailable. 	 Test Step: 1 	 Test Step Description: Force an artificial data refresh sequence during downstream infrastructure downtime. 	 Test Step Expected Result: Dashboard handles timeout exception gracefully, rendering an alert mask: 'Analytics Data Synchronizer unavailable. Please retry later.'
	Work Item ID: 1572 	 Module: Claims Adjudication 	 Name: EOB Document Generation - Variant 4 	 Id: TC1627 	 Description: Verify system handles invalid or missing data during EOB Document Generation 	 Precondition: Inbound EDI 837 claim processing queue online. 	 Test Step: 1 	 Test Step Description: Submit claim batch containing edge case scenarios for EOB Document Generation 	 Test Step Expected Result: System flags anomaly and routed claim to review queue instantly.,
	Work Item ID: 1573 	 Module: AI Insights & Anomaly Detection 	 Name: Custom Threshold Setting - Variant 4 	 Id: TC1646 	 Description: Verify dashboard UI component displays output from Custom Threshold Setting 	 Precondition: Historical baseline metrics ingested and indexed. 	 Test Step: 1 	 Test Step Description: Trigger dashboard refresh and monitor response latency for Custom Threshold Setting 	 Test Step Expected Result: Visualization widget renders top trends with accurate confidence scores.,
	Work Item ID: 1573 	 Module: AI Insights & Anomaly Detection 	 Name: Predictive No-Show Score - Variant 16 	 Id: TC2104 	 Description: Verify accuracy and SLA metrics for Predictive No-Show Score predictive execution 	 Precondition: Model checkpoint v2.4 loaded in runtime environment. 	 Test Step: 1 	 Test Step Description: Interact with AI insight card component for Predictive No-Show Score 	 Test Step Expected Result: Explanation model outputs clear feature contribution breakdown.,
	Work Item ID: 1573 	 Module: AI Insights & Anomaly Detection 	 Name: Model Drift Monitoring - Variant 12 	 Id: TC1948 	 Description: Verify accuracy and SLA metrics for Model Drift Monitoring predictive execution 	 Precondition: Model checkpoint v2.4 loaded in runtime environment. 	 Test Step: 1 	 Test Step Description: Interact with AI insight card component for Model Drift Monitoring 	 Test Step Expected Result: Explanation model outputs clear feature contribution breakdown.,
	Work Item ID: 1572 	 Module: Claims Adjudication 	 Name: Bundled Service Deduction - Variant 28 	 Id: TC2607 	 Description: Verify system handles invalid or missing data during Bundled Service Deduction 	 Precondition: Inbound EDI 837 claim processing queue online. 	 Test Step: 1 	 Test Step Description: Submit claim batch containing edge case scenarios for Bundled Service Deduction 	 Test Step Expected Result: System flags anomaly and routed claim to review queue instantly.,
	Work Item ID: 1572 	 Module: Claims Adjudication 	 Name: Claim Line Item Split - Variant 24 	 Id: TC2429 	 Description: Verify adjudication engine logic for Claim Line Item Split 	 Precondition: Claim adjudication rules engine initialized. 	 Test Step: 1 	 Test Step Description: Ingest synthetic claim payload testing Claim Line Item Split into the engine 	 Test Step Expected Result: Adjudication engine applies correct formula and outputs calculated totals.,
	Work Item ID: 1572 	 Module: Claims Adjudication 	 Name: Primary vs Secondary Payer - Variant 20 	 Id: TC2279 	 Description: Verify system handles invalid or missing data during Primary vs Secondary Payer 	 Precondition: Inbound EDI 837 claim processing queue online. 	 Test Step: 1 	 Test Step Description: Submit claim batch containing edge case scenarios for Primary vs Secondary Payer 	 Test Step Expected Result: System flags anomaly and routed claim to review queue instantly.,
	Work Item ID: 1573 	 Module: AI Insights & Anomaly Detection 	 Name: SLA Performance Tracking - Variant 25 	 Id: TC2490 	 Description: Verify dashboard UI component displays output from SLA Performance Tracking 	 Precondition: Historical baseline metrics ingested and indexed. 	 Test Step: 1 	 Test Step Description: Trigger dashboard refresh and monitor response latency for SLA Performance Tracking 	 Test Step Expected Result: Visualization widget renders top trends with accurate confidence scores.,
	Work Item ID: 1572 	 Module: Claims Adjudication 	 Name: In-Network Co-pay Calculation - Variant 27 	 Id: TC2541 	 Description: Verify adjudication engine logic for In-Network Co-pay Calculation 	 Precondition: Claim adjudication rules engine initialized. 	 Test Step: 1 	 Test Step Description: Ingest synthetic claim payload testing In-Network Co-pay Calculation into the engine 	 Test Step Expected Result: Adjudication engine applies correct formula and outputs calculated totals.,
	Work Item ID: 1572 	 Module: Claims Adjudication 	 Name: Provider NPI Verification - Variant 3 	 Id: TC1605 	 Description: Verify adjudication engine logic for Provider NPI Verification 	 Precondition: Claim adjudication rules engine initialized. 	 Test Step: 1 	 Test Step Description: Ingest synthetic claim payload testing Provider NPI Verification into the engine 	 Test Step Expected Result: Adjudication engine applies correct formula and outputs calculated totals.,
	Work Item ID: 1573 	 Module: AI Insights & Anomaly Detection 	 Name: Confidence Threshold Filter - Variant 25 	 Id: TC2476 	 Description: Verify accuracy and SLA metrics for Confidence Threshold Filter predictive execution 	 Precondition: Model checkpoint v2.4 loaded in runtime environment. 	 Test Step: 1 	 Test Step Description: Interact with AI insight card component for Confidence Threshold Filter 	 Test Step Expected Result: Explanation model outputs clear feature contribution breakdown.,
	Work Item ID: 1573 	 Module: AI Insights & Anomaly Detection 	 Name: Alert Dismissal Persistence - Variant 19 	 Id: TC2244 	 Description: Verify accuracy and SLA metrics for Alert Dismissal Persistence predictive execution 	 Precondition: Model checkpoint v2.4 loaded in runtime environment. 	 Test Step: 1 	 Test Step Description: Interact with AI insight card component for Alert Dismissal Persistence 	 Test Step Expected Result: Explanation model outputs clear feature contribution breakdown.,
	Work Item ID: 1573 	 Module: AI Insights & Anomaly Detection 	 Name: Explainability UI Popover 	 Id: TC011 	 Description: Verify clear and understandable natural language explanation rendering for AI insights 	 Precondition: AI generated insights are visible on screen. 	 Test Step: 1 	 Test Step Description: Click 'Request Explanation' hyperlink on an active trend item card. 	 Test Step Expected Result: System renders a popup window containing mathematical contribution factors in clear, plain text format.
	Work Item ID: 1573 	 Module: AI Insights & Anomaly Detection 	 Name: Security - Data Leak Check 	 Id: TC026 	 Description: Verify strict data privacy enforcement limits during ML telemetry generation passes 	 Precondition: Multi-tenant data partitioning configured. 	 Test Step: 1 	 Test Step Description: Execute batch analysis requests concurrently across tenant boundaries. 	 Test Step Expected Result: Internal data isolation perimeter blocks crossover references; generated insights strictly contain isolated single-tenant telemetry scopes.,
	Work Item ID: 1573 	 Module: AI Insights & Anomaly Detection 	 Name: Confidence Threshold Filter - Variant 29 	 Id: TC2636 	 Description: Verify accuracy and SLA metrics for Confidence Threshold Filter predictive execution 	 Precondition: Model checkpoint v2.4 loaded in runtime environment. 	 Test Step: 1 	 Test Step Description: Interact with AI insight card component for Confidence Threshold Filter 	 Test Step Expected Result: Explanation model outputs clear feature contribution breakdown.,
	Work Item ID: 1573 	 Module: AI Insights & Anomaly Detection 	 Name: Trend Anomaly Alert - Variant 16 	 Id: TC2102 	 Description: Verify dashboard UI component displays output from Trend Anomaly Alert 	 Precondition: Historical baseline metrics ingested and indexed. 	 Test Step: 1 	 Test Step Description: Trigger dashboard refresh and monitor response latency for Trend Anomaly Alert 	 Test Step Expected Result: Visualization widget renders top trends with accurate confidence scores.,
	Work Item ID: 1573 	 Module: AI Insights & Anomaly Detection 	 Name: Predictive No-Show Score - Variant 28 	 Id: TC2584 	 Description: Verify accuracy and SLA metrics for Predictive No-Show Score predictive execution 	 Precondition: Model checkpoint v2.4 loaded in runtime environment. 	 Test Step: 1 	 Test Step Description: Interact with AI insight card component for Predictive No-Show Score 	 Test Step Expected Result: Explanation model outputs clear feature contribution breakdown.,
	Work Item ID: 1573 	 Module: AI Insights & Anomaly Detection 	 Name: Automated Summary Generation - Variant 7 	 Id: TC1778 	 Description: Verify dashboard UI component displays output from Automated Summary Generation 	 Precondition: Historical baseline metrics ingested and indexed. 	 Test Step: 1 	 Test Step Description: Trigger dashboard refresh and monitor response latency for Automated Summary Generation 	 Test Step Expected Result: Visualization widget renders top trends with accurate confidence scores.,
	Work Item ID: 1572 	 Module: Claims Adjudication 	 Name: Timely Filing Limit Edge - Variant 10 	 Id: TC1877 	 Description: Verify adjudication engine logic for Timely Filing Limit Edge 	 Precondition: Claim adjudication rules engine initialized. 	 Test Step: 1 	 Test Step Description: Ingest synthetic claim payload testing Timely Filing Limit Edge into the engine 	 Test Step Expected Result: Adjudication engine applies correct formula and outputs calculated totals.,
	Work Item ID: 1573 	 Module: AI Insights & Anomaly Detection 	 Name: Real-time Stream Ingestion - Variant 8 	 Id: TC1794 	 Description: Verify dashboard UI component displays output from Real-time Stream Ingestion 	 Precondition: Historical baseline metrics ingested and indexed. 	 Test Step: 1 	 Test Step Description: Trigger dashboard refresh and monitor response latency for Real-time Stream Ingestion 	 Test Step Expected Result: Visualization widget renders top trends with accurate confidence scores.,
	Work Item ID: 1573 	 Module: AI Insights & Anomaly Detection 	 Name: Automated Summary Generation - Variant 16 	 Id: TC2138 	 Description: Verify dashboard UI component displays output from Automated Summary Generation 	 Precondition: Historical baseline metrics ingested and indexed. 	 Test Step: 1 	 Test Step Description: Trigger dashboard refresh and monitor response latency for Automated Summary Generation 	 Test Step Expected Result: Visualization widget renders top trends with accurate confidence scores.,
	Work Item ID: 1573 	 Module: AI Insights & Anomaly Detection 	 Name: Trend Anomaly Alert - Variant 6 	 Id: TC1702 	 Description: Verify dashboard UI component displays output from Trend Anomaly Alert 	 Precondition: Historical baseline metrics ingested and indexed. 	 Test Step: 1 	 Test Step Description: Trigger dashboard refresh and monitor response latency for Trend Anomaly Alert 	 Test Step Expected Result: Visualization widget renders top trends with accurate confidence scores.,
	Work Item ID: 1572 	 Module: Claims Adjudication 	 Name: Maximum Out-of-Pocket Cap - Variant 4 	 Id: TC1649 	 Description: Verify adjudication engine logic for Maximum Out-of-Pocket Cap 	 Precondition: Claim adjudication rules engine initialized. 	 Test Step: 1 	 Test Step Description: Ingest synthetic claim payload testing Maximum Out-of-Pocket Cap into the engine 	 Test Step Expected Result: Adjudication engine applies correct formula and outputs calculated totals.,
	Work Item ID: 1573 	 Module: AI Insights & Anomaly Detection 	 Name: Real-time Stream Ingestion - Variant 12 	 Id: TC1954 	 Description: Verify dashboard UI component displays output from Real-time Stream Ingestion 	 Precondition: Historical baseline metrics ingested and indexed. 	 Test Step: 1 	 Test Step Description: Trigger dashboard refresh and monitor response latency for Real-time Stream Ingestion 	 Test Step Expected Result: Visualization widget renders top trends with accurate confidence scores.,
	Work Item ID: 1573 	 Module: AI Insights & Anomaly Detection 	 Name: Alert Dismissal Persistence - Variant 2 	 Id: TC1564 	 Description: Verify accuracy and SLA metrics for Alert Dismissal Persistence predictive execution 	 Precondition: Model checkpoint v2.4 loaded in runtime environment. 	 Test Step: 1 	 Test Step Description: Interact with AI insight card component for Alert Dismissal Persistence 	 Test Step Expected Result: Explanation model outputs clear feature contribution breakdown.,
	Work Item ID: 1572 	 Module: Claims Adjudication 	 Name: Duplicate Detection Flow 	 Id: TC024 	 Description: Verify systemic blocking of duplicate out-of-network claims 	 Precondition: Identical claim processed 5 minutes prior. 	 Test Step: 1 	 Test Step Description: Submit an identical out-of-network claim for the same diagnostic service date. 	 Test Step Expected Result: System intercepts row and flags status as 'Rejected-Duplicate' using reference block code 'ERR-DUP-04'.,
	Work Item ID: 1573 	 Module: AI Insights & Anomaly Detection 	 Name: Batch Model Scoring - Variant 22 	 Id: TC2360 	 Description: Verify accuracy and SLA metrics for Batch Model Scoring predictive execution 	 Precondition: Model checkpoint v2.4 loaded in runtime environment. 	 Test Step: 1 	 Test Step Description: Interact with AI insight card component for Batch Model Scoring 	 Test Step Expected Result: Explanation model outputs clear feature contribution breakdown.,
	Work Item ID: 1572 	 Module: Claims Adjudication 	 Name: High Value Claim Audit Trigger - Variant 26 	 Id: TC2533 	 Description: Verify adjudication engine logic for High Value Claim Audit Trigger 	 Precondition: Claim adjudication rules engine initialized. 	 Test Step: 1 	 Test Step Description: Ingest synthetic claim payload testing High Value Claim Audit Trigger into the engine 	 Test Step Expected Result: Adjudication engine applies correct formula and outputs calculated totals.,
	Work Item ID: 1573 	 Module: AI Insights & Anomaly Detection 	 Name: Trend Anomaly Alert - Variant 20 	 Id: TC2262 	 Description: Verify dashboard UI component displays output from Trend Anomaly Alert 	 Precondition: Historical baseline metrics ingested and indexed. 	 Test Step: 1 	 Test Step Description: Trigger dashboard refresh and monitor response latency for Trend Anomaly Alert 	 Test Step Expected Result: Visualization widget renders top trends with accurate confidence scores.,
	Work Item ID: 1573 	 Module: AI Insights & Anomaly Detection 	 Name: Model Retraining Trigger - Variant 7 	 Id: TC1780 	 Description: Verify accuracy and SLA metrics for Model Retraining Trigger predictive execution 	 Precondition: Model checkpoint v2.4 loaded in runtime environment. 	 Test Step: 1 	 Test Step Description: Interact with AI insight card component for Model Retraining Trigger 	 Test Step Expected Result: Explanation model outputs clear feature contribution breakdown.,
	Work Item ID: 1573 	 Module: AI Insights & Anomaly Detection 	 Name: Model Drift Monitoring - Variant 25 	 Id: TC2468 	 Description: Verify accuracy and SLA metrics for Model Drift Monitoring predictive execution 	 Precondition: Model checkpoint v2.4 loaded in runtime environment. 	 Test Step: 1 	 Test Step Description: Interact with AI insight card component for Model Drift Monitoring 	 Test Step Expected Result: Explanation model outputs clear feature contribution breakdown.,
	Work Item ID: 1572 	 Module: Claims Adjudication 	 Name: Out-of-Network Coinsurance - Variant 7 	 Id: TC1743 	 Description: Verify system handles invalid or missing data during Out-of-Network Coinsurance 	 Precondition: Inbound EDI 837 claim processing queue online. 	 Test Step: 1 	 Test Step Description: Submit claim batch containing edge case scenarios for Out-of-Network Coinsurance 	 Test Step Expected Result: System flags anomaly and routed claim to review queue instantly.,
	Work Item ID: 1572 	 Module: Claims Adjudication 	 Name: Tax ID Validation - Variant 27 	 Id: TC2575 	 Description: Verify system handles invalid or missing data during Tax ID Validation 	 Precondition: Inbound EDI 837 claim processing queue online. 	 Test Step: 1 	 Test Step Description: Submit claim batch containing edge case scenarios for Tax ID Validation 	 Test Step Expected Result: System flags anomaly and routed claim to review queue instantly.,
	Work Item ID: 1573 	 Module: AI Insights & Anomaly Detection 	 Name: Real-time Stream Ingestion - Variant 18 	 Id: TC2194 	 Description: Verify dashboard UI component displays output from Real-time Stream Ingestion 	 Precondition: Historical baseline metrics ingested and indexed. 	 Test Step: 1 	 Test Step Description: Trigger dashboard refresh and monitor response latency for Real-time Stream Ingestion 	 Test Step Expected Result: Visualization widget renders top trends with accurate confidence scores.,
	Work Item ID: 1573 	 Module: AI Insights & Anomaly Detection 	 Name: Confidence Threshold Filter - Variant 28 	 Id: TC2596 	 Description: Verify accuracy and SLA metrics for Confidence Threshold Filter predictive execution 	 Precondition: Model checkpoint v2.4 loaded in runtime environment. 	 Test Step: 1 	 Test Step Description: Interact with AI insight card component for Confidence Threshold Filter 	 Test Step Expected Result: Explanation model outputs clear feature contribution breakdown.,
	Work Item ID: 1573 	 Module: AI Insights & Anomaly Detection 	 Name: Explanation Tooltip Generation - Variant 22 	 Id: TC2362 	 Description: Verify dashboard UI component displays output from Explanation Tooltip Generation 	 Precondition: Historical baseline metrics ingested and indexed. 	 Test Step: 1 	 Test Step Description: Trigger dashboard refresh and monitor response latency for Explanation Tooltip Generation 	 Test Step Expected Result: Visualization widget renders top trends with accurate confidence scores.,
	Work Item ID: 1572 	 Module: Claims Adjudication 	 Name: Pre-authorization Check - Variant 18 	 Id: TC2185 	 Description: Verify adjudication engine logic for Pre-authorization Check 	 Precondition: Claim adjudication rules engine initialized. 	 Test Step: 1 	 Test Step Description: Ingest synthetic claim payload testing Pre-authorization Check into the engine 	 Test Step Expected Result: Adjudication engine applies correct formula and outputs calculated totals.,
	Work Item ID: 1573 	 Module: AI Insights & Anomaly Detection 	 Name: Feature Attribution UI - Variant 12 	 Id: TC1952 	 Description: Verify accuracy and SLA metrics for Feature Attribution UI predictive execution 	 Precondition: Model checkpoint v2.4 loaded in runtime environment. 	 Test Step: 1 	 Test Step Description: Interact with AI insight card component for Feature Attribution UI 	 Test Step Expected Result: Explanation model outputs clear feature contribution breakdown.,
	Work Item ID: 1572 	 Module: Claims Adjudication 	 Name: Deductible Not Met Flow - EDI 	 Id: TC027 	 Description: Verify EDI 277 generation status update occurs automatically 	 Precondition: Member is enrolled. OON deductible balance is $1000. 	 Test Step: 1 	 Test Step Description: Check outbound communication logs for transaction confirmation. 	 Test Step Expected Result: System automatically triggers and transmits an EDI 277 status update detailing the pending status within SLA bounds.,
	Work Item ID: 1573 	 Module: AI Insights & Anomaly Detection 	 Name: Automated Summary Generation - Variant 15 	 Id: TC2098 	 Description: Verify dashboard UI component displays output from Automated Summary Generation 	 Precondition: Historical baseline metrics ingested and indexed. 	 Test Step: 1 	 Test Step Description: Trigger dashboard refresh and monitor response latency for Automated Summary Generation 	 Test Step Expected Result: Visualization widget renders top trends with accurate confidence scores.,
	Work Item ID: 1573 	 Module: AI Insights & Anomaly Detection 	 Name: Trend Anomaly Alert - Variant 4 	 Id: TC1622 	 Description: Verify dashboard UI component displays output from Trend Anomaly Alert 	 Precondition: Historical baseline metrics ingested and indexed. 	 Test Step: 1 	 Test Step Description: Trigger dashboard refresh and monitor response latency for Trend Anomaly Alert 	 Test Step Expected Result: Visualization widget renders top trends with accurate confidence scores.,
	Work Item ID: 1573 	 Module: AI Insights & Anomaly Detection 	 Name: Batch Model Scoring - Variant 20 	 Id: TC2280 	 Description: Verify accuracy and SLA metrics for Batch Model Scoring predictive execution 	 Precondition: Model checkpoint v2.4 loaded in runtime environment. 	 Test Step: 1 	 Test Step Description: Interact with AI insight card component for Batch Model Scoring 	 Test Step Expected Result: Explanation model outputs clear feature contribution breakdown.,
	Work Item ID: 1573 	 Module: AI Insights & Anomaly Detection 	 Name: Feature Attribution UI - Variant 13 	 Id: TC1992 	 Description: Verify accuracy and SLA metrics for Feature Attribution UI predictive execution 	 Precondition: Model checkpoint v2.4 loaded in runtime environment. 	 Test Step: 1 	 Test Step Description: Interact with AI insight card component for Feature Attribution UI 	 Test Step Expected Result: Explanation model outputs clear feature contribution breakdown.,
	Work Item ID: 1573 	 Module: AI Insights & Anomaly Detection 	 Name: Historical Baseline Comparison - Variant 3 	 Id: TC1608 	 Description: Verify accuracy and SLA metrics for Historical Baseline Comparison predictive execution 	 Precondition: Model checkpoint v2.4 loaded in runtime environment. 	 Test Step: 1 	 Test Step Description: Interact with AI insight card component for Historical Baseline Comparison 	 Test Step Expected Result: Explanation model outputs clear feature contribution breakdown.,
	Work Item ID: 1573 	 Module: AI Insights & Anomaly Detection 	 Name: Recommendation Engine Ranking - Variant 22 	 Id: TC2350 	 Description: Verify dashboard UI component displays output from Recommendation Engine Ranking 	 Precondition: Historical baseline metrics ingested and indexed. 	 Test Step: 1 	 Test Step Description: Trigger dashboard refresh and monitor response latency for Recommendation Engine Ranking 	 Test Step Expected Result: Visualization widget renders top trends with accurate confidence scores.,
	Work Item ID: 1572 	 Module: Claims Adjudication 	 Name: Primary vs Secondary Payer - Variant 2 	 Id: TC1559 	 Description: Verify system handles invalid or missing data during Primary vs Secondary Payer 	 Precondition: Inbound EDI 837 claim processing queue online. 	 Test Step: 1 	 Test Step Description: Submit claim batch containing edge case scenarios for Primary vs Secondary Payer 	 Test Step Expected Result: System flags anomaly and routed claim to review queue instantly.,
	Work Item ID: 1573 	 Module: AI Insights & Anomaly Detection 	 Name: Real-time Stream Ingestion - Variant 11 	 Id: TC1914 	 Description: Verify dashboard UI component displays output from Real-time Stream Ingestion 	 Precondition: Historical baseline metrics ingested and indexed. 	 Test Step: 1 	 Test Step Description: Trigger dashboard refresh and monitor response latency for Real-time Stream Ingestion 	 Test Step Expected Result: Visualization widget renders top trends with accurate confidence scores.,
	Work Item ID: 1573 	 Module: AI Insights & Anomaly Detection 	 Name: Unusual Billing Pattern Flag - Variant 7 	 Id: TC1774 	 Description: Verify dashboard UI component displays output from Unusual Billing Pattern Flag 	 Precondition: Historical baseline metrics ingested and indexed. 	 Test Step: 1 	 Test Step Description: Trigger dashboard refresh and monitor response latency for Unusual Billing Pattern Flag 	 Test Step Expected Result: Visualization widget renders top trends with accurate confidence scores.,
	Work Item ID: 1572 	 Module: Claims Adjudication 	 Name: In-Network Co-pay Calculation - Variant 12 	 Id: TC1941 	 Description: Verify adjudication engine logic for In-Network Co-pay Calculation 	 Precondition: Claim adjudication rules engine initialized. 	 Test Step: 1 	 Test Step Description: Ingest synthetic claim payload testing In-Network Co-pay Calculation into the engine 	 Test Step Expected Result: Adjudication engine applies correct formula and outputs calculated totals.,
	Work Item ID: 1572 	 Module: Claims Adjudication 	 Name: In-Network Co-pay Calculation - Variant 16 	 Id: TC2101 	 Description: Verify adjudication engine logic for In-Network Co-pay Calculation 	 Precondition: Claim adjudication rules engine initialized. 	 Test Step: 1 	 Test Step Description: Ingest synthetic claim payload testing In-Network Co-pay Calculation into the engine 	 Test Step Expected Result: Adjudication engine applies correct formula and outputs calculated totals.,
	Work Item ID: 1573 	 Module: AI Insights & Anomaly Detection 	 Name: Edge - Borderline Deviation Limit 	 Id: TC008 	 Description: Verify anomaly classification threshold criteria right at model mathematical limits 	 Precondition: Model boundary trigger point set precisely to 3.0 standard deviations. 	 Test Step: 1 	 Test Step Description: Transmit precise edge metric adjustment dataset row items. 	 Test Step Expected Result: System correctly isolates border fluctuation as an active deviation anomaly, outputting accurate diagnostic reporting values.
	Work Item ID: 1572 	 Module: Claims Adjudication 	 Name: Provider NPI Verification - Variant 24 	 Id: TC2445 	 Description: Verify adjudication engine logic for Provider NPI Verification 	 Precondition: Claim adjudication rules engine initialized. 	 Test Step: 1 	 Test Step Description: Ingest synthetic claim payload testing Provider NPI Verification into the engine 	 Test Step Expected Result: Adjudication engine applies correct formula and outputs calculated totals.,
	Work Item ID: 1573 	 Module: AI Insights & Anomaly Detection 	 Name: Custom Threshold Setting - Variant 7 	 Id: TC1766 	 Description: Verify dashboard UI component displays output from Custom Threshold Setting 	 Precondition: Historical baseline metrics ingested and indexed. 	 Test Step: 1 	 Test Step Description: Trigger dashboard refresh and monitor response latency for Custom Threshold Setting 	 Test Step Expected Result: Visualization widget renders top trends with accurate confidence scores.,
	Work Item ID: 1572 	 Module: Claims Adjudication 	 Name: Adjustment Code Processing - Variant 27 	 Id: TC2563 	 Description: Verify system handles invalid or missing data during Adjustment Code Processing 	 Precondition: Inbound EDI 837 claim processing queue online. 	 Test Step: 1 	 Test Step Description: Submit claim batch containing edge case scenarios for Adjustment Code Processing 	 Test Step Expected Result: System flags anomaly and routed claim to review queue instantly.,
	Work Item ID: 1573 	 Module: AI Insights & Anomaly Detection 	 Name: Trend Anomaly Alert - Variant 19 	 Id: TC2222 	 Description: Verify dashboard UI component displays output from Trend Anomaly Alert 	 Precondition: Historical baseline metrics ingested and indexed. 	 Test Step: 1 	 Test Step Description: Trigger dashboard refresh and monitor response latency for Trend Anomaly Alert 	 Test Step Expected Result: Visualization widget renders top trends with accurate confidence scores.,
	Work Item ID: 1573 	 Module: AI Insights & Anomaly Detection 	 Name: Feature Attribution UI - Variant 7 	 Id: TC1752 	 Description: Verify accuracy and SLA metrics for Feature Attribution UI predictive execution 	 Precondition: Model checkpoint v2.4 loaded in runtime environment. 	 Test Step: 1 	 Test Step Description: Interact with AI insight card component for Feature Attribution UI 	 Test Step Expected Result: Explanation model outputs clear feature contribution breakdown.,
	Work Item ID: 1573 	 Module: AI Insights & Anomaly Detection 	 Name: Trend Anomaly Alert - Variant 28 	 Id: TC2582 	 Description: Verify dashboard UI component displays output from Trend Anomaly Alert 	 Precondition: Historical baseline metrics ingested and indexed. 	 Test Step: 1 	 Test Step Description: Trigger dashboard refresh and monitor response latency for Trend Anomaly Alert 	 Test Step Expected Result: Visualization widget renders top trends with accurate confidence scores.,
	Work Item ID: 1572 	 Module: Claims Adjudication 	 Name: High Value Claim Audit Trigger - Variant 21 	 Id: TC2333 	 Description: Verify adjudication engine logic for High Value Claim Audit Trigger 	 Precondition: Claim adjudication rules engine initialized. 	 Test Step: 1 	 Test Step Description: Ingest synthetic claim payload testing High Value Claim Audit Trigger into the engine 	 Test Step Expected Result: Adjudication engine applies correct formula and outputs calculated totals.,
	Work Item ID: 1572 	 Module: Claims Adjudication 	 Name: Batch Claim Ingestion - Variant 14 	 Id: TC2051 	 Description: Verify system handles invalid or missing data during Batch Claim Ingestion 	 Precondition: Inbound EDI 837 claim processing queue online. 	 Test Step: 1 	 Test Step Description: Submit claim batch containing edge case scenarios for Batch Claim Ingestion 	 Test Step Expected Result: System flags anomaly and routed claim to review queue instantly.,
	Work Item ID: 1573 	 Module: AI Insights & Anomaly Detection 	 Name: Model Retraining Trigger - Variant 4 	 Id: TC1660 	 Description: Verify accuracy and SLA metrics for Model Retraining Trigger predictive execution 	 Precondition: Model checkpoint v2.4 loaded in runtime environment. 	 Test Step: 1 	 Test Step Description: Interact with AI insight card component for Model Retraining Trigger 	 Test Step Expected Result: Explanation model outputs clear feature contribution breakdown.,
	Work Item ID: 1573 	 Module: AI Insights & Anomaly Detection 	 Name: No Significant Insights 	 Id: TC035 	 Description: Verify dashboard fallback layout when no significant data trends are detected 	 Precondition: Product metrics reflect flat historical norms with zero variance anomalies. 	 Test Step: 1 	 Test Step Description: Load product management analytics dashboard view. 	 Test Step Expected Result: Dashboard cleanly outputs system fallback status notification layout stating: 'No significant insights found'.,
	Work Item ID: 1573 	 Module: AI Insights & Anomaly Detection 	 Name: Unusual Billing Pattern Flag - Variant 11 	 Id: TC1934 	 Description: Verify dashboard UI component displays output from Unusual Billing Pattern Flag 	 Precondition: Historical baseline metrics ingested and indexed. 	 Test Step: 1 	 Test Step Description: Trigger dashboard refresh and monitor response latency for Unusual Billing Pattern Flag 	 Test Step Expected Result: Visualization widget renders top trends with accurate confidence scores.,
	Work Item ID: 1573 	 Module: AI Insights & Anomaly Detection 	 Name: Explanation Tooltip Generation - Variant 14 	 Id: TC2042 	 Description: Verify dashboard UI component displays output from Explanation Tooltip Generation 	 Precondition: Historical baseline metrics ingested and indexed. 	 Test Step: 1 	 Test Step Description: Trigger dashboard refresh and monitor response latency for Explanation Tooltip Generation 	 Test Step Expected Result: Visualization widget renders top trends with accurate confidence scores.,
	Work Item ID: 1572 	 Module: Claims Adjudication 	 Name: Provider NPI Verification - Variant 27 	 Id: TC2565 	 Description: Verify adjudication engine logic for Provider NPI Verification 	 Precondition: Claim adjudication rules engine initialized. 	 Test Step: 1 	 Test Step Description: Ingest synthetic claim payload testing Provider NPI Verification into the engine 	 Test Step Expected Result: Adjudication engine applies correct formula and outputs calculated totals.,
	Work Item ID: 1572 	 Module: Claims Adjudication 	 Name: Bundled Service Deduction - Variant 27 	 Id: TC2567 	 Description: Verify system handles invalid or missing data during Bundled Service Deduction 	 Precondition: Inbound EDI 837 claim processing queue online. 	 Test Step: 1 	 Test Step Description: Submit claim batch containing edge case scenarios for Bundled Service Deduction 	 Test Step Expected Result: System flags anomaly and routed claim to review queue instantly.,
	Work Item ID: 1572 	 Module: Claims Adjudication 	 Name: Out-of-Network Coinsurance - Variant 22 	 Id: TC2343 	 Description: Verify system handles invalid or missing data during Out-of-Network Coinsurance 	 Precondition: Inbound EDI 837 claim processing queue online. 	 Test Step: 1 	 Test Step Description: Submit claim batch containing edge case scenarios for Out-of-Network Coinsurance 	 Test Step Expected Result: System flags anomaly and routed claim to review queue instantly.,
	Work Item ID: 1573 	 Module: AI Insights & Anomaly Detection 	 Name: Recommendation Engine Ranking - Variant 18 	 Id: TC2190 	 Description: Verify dashboard UI component displays output from Recommendation Engine Ranking 	 Precondition: Historical baseline metrics ingested and indexed. 	 Test Step: 1 	 Test Step Description: Trigger dashboard refresh and monitor response latency for Recommendation Engine Ranking 	 Test Step Expected Result: Visualization widget renders top trends with accurate confidence scores.,
	Work Item ID: 1573 	 Module: AI Insights & Anomaly Detection 	 Name: False Positive Feedback Loop - Variant 23 	 Id: TC2398 	 Description: Verify dashboard UI component displays output from False Positive Feedback Loop 	 Precondition: Historical baseline metrics ingested and indexed. 	 Test Step: 1 	 Test Step Description: Trigger dashboard refresh and monitor response latency for False Positive Feedback Loop 	 Test Step Expected Result: Visualization widget renders top trends with accurate confidence scores.,
	Work Item ID: 1573 	 Module: AI Insights & Anomaly Detection 	 Name: Recommendation Engine Ranking - Variant 1 	 Id: TC1510 	 Description: Verify dashboard UI component displays output from Recommendation Engine Ranking 	 Precondition: Historical baseline metrics ingested and indexed. 	 Test Step: 1 	 Test Step Description: Trigger dashboard refresh and monitor response latency for Recommendation Engine Ranking 	 Test Step Expected Result: Visualization widget renders top trends with accurate confidence scores.,
	Work Item ID: 1572 	 Module: Claims Adjudication 	 Name: Timely Filing Limit Edge - Variant 25 	 Id: TC2477 	 Description: Verify adjudication engine logic for Timely Filing Limit Edge 	 Precondition: Claim adjudication rules engine initialized. 	 Test Step: 1 	 Test Step Description: Ingest synthetic claim payload testing Timely Filing Limit Edge into the engine 	 Test Step Expected Result: Adjudication engine applies correct formula and outputs calculated totals.,
	Work Item ID: 1573 	 Module: AI Insights & Anomaly Detection 	 Name: Anomaly Detection Alert 	 Id: TC002 	 Description: Verify alert generation SLA when a product metric deviates from historical distribution boundaries 	 Precondition: Pre-trained predictive model cores are fully operational. 	 Test Step: 1 	 Test Step Description: Inject anomalous sample data stream into active processing queue paths. 	 Test Step Expected Result: AI processing layer intercepts structural boundary exception and sends a system alert UI notification within 2 seconds.,
	Work Item ID: 1573 	 Module: AI Insights & Anomaly Detection 	 Name: Recommendation Engine Ranking - Variant 2 	 Id: TC1550 	 Description: Verify dashboard UI component displays output from Recommendation Engine Ranking 	 Precondition: Historical baseline metrics ingested and indexed. 	 Test Step: 1 	 Test Step Description: Trigger dashboard refresh and monitor response latency for Recommendation Engine Ranking 	 Test Step Expected Result: Visualization widget renders top trends with accurate confidence scores.,
	Work Item ID: 1572 	 Module: Claims Adjudication 	 Name: Claim Line Item Split - Variant 20 	 Id: TC2269 	 Description: Verify adjudication engine logic for Claim Line Item Split 	 Precondition: Claim adjudication rules engine initialized. 	 Test Step: 1 	 Test Step Description: Ingest synthetic claim payload testing Claim Line Item Split into the engine 	 Test Step Expected Result: Adjudication engine applies correct formula and outputs calculated totals.,
	Work Item ID: 1573 	 Module: AI Insights & Anomaly Detection 	 Name: Patient Risk Stratification - Variant 21 	 Id: TC2336 	 Description: Verify accuracy and SLA metrics for Patient Risk Stratification predictive execution 	 Precondition: Model checkpoint v2.4 loaded in runtime environment. 	 Test Step: 1 	 Test Step Description: Interact with AI insight card component for Patient Risk Stratification 	 Test Step Expected Result: Explanation model outputs clear feature contribution breakdown.,
	Work Item ID: 1572 	 Module: Claims Adjudication 	 Name: Timely Filing Limit Edge - Variant 11 	 Id: TC1917 	 Description: Verify adjudication engine logic for Timely Filing Limit Edge 	 Precondition: Claim adjudication rules engine initialized. 	 Test Step: 1 	 Test Step Description: Ingest synthetic claim payload testing Timely Filing Limit Edge into the engine 	 Test Step Expected Result: Adjudication engine applies correct formula and outputs calculated totals.,
	Work Item ID: 1573 	 Module: AI Insights & Anomaly Detection 	 Name: Data Pipeline Health Monitor - Variant 17 	 Id: TC2172 	 Description: Verify accuracy and SLA metrics for Data Pipeline Health Monitor predictive execution 	 Precondition: Model checkpoint v2.4 loaded in runtime environment. 	 Test Step: 1 	 Test Step Description: Interact with AI insight card component for Data Pipeline Health Monitor 	 Test Step Expected Result: Explanation model outputs clear feature contribution breakdown.,
	Work Item ID: 1572 	 Module: Claims Adjudication 	 Name: In-Network Co-pay Calculation - Variant 28 	 Id: TC2581 	 Description: Verify adjudication engine logic for In-Network Co-pay Calculation 	 Precondition: Claim adjudication rules engine initialized. 	 Test Step: 1 	 Test Step Description: Ingest synthetic claim payload testing In-Network Co-pay Calculation into the engine 	 Test Step Expected Result: Adjudication engine applies correct formula and outputs calculated totals.,
	Work Item ID: 1573 	 Module: AI Insights & Anomaly Detection 	 Name: Model Drift Monitoring - Variant 16 	 Id: TC2108 	 Description: Verify accuracy and SLA metrics for Model Drift Monitoring predictive execution 	 Precondition: Model checkpoint v2.4 loaded in runtime environment. 	 Test Step: 1 	 Test Step Description: Interact with AI insight card component for Model Drift Monitoring 	 Test Step Expected Result: Explanation model outputs clear feature contribution breakdown.,
	Work Item ID: 1573 	 Module: AI Insights & Anomaly Detection 	 Name: Cost Spike Detection - Variant 25 	 Id: TC2466 	 Description: Verify dashboard UI component displays output from Cost Spike Detection 	 Precondition: Historical baseline metrics ingested and indexed. 	 Test Step: 1 	 Test Step Description: Trigger dashboard refresh and monitor response latency for Cost Spike Detection 	 Test Step Expected Result: Visualization widget renders top trends with accurate confidence scores.,
	Work Item ID: 1573 	 Module: AI Insights & Anomaly Detection 	 Name: Custom Threshold Setting - Variant 26 	 Id: TC2526 	 Description: Verify dashboard UI component displays output from Custom Threshold Setting 	 Precondition: Historical baseline metrics ingested and indexed. 	 Test Step: 1 	 Test Step Description: Trigger dashboard refresh and monitor response latency for Custom Threshold Setting 	 Test Step Expected Result: Visualization widget renders top trends with accurate confidence scores.,
	Work Item ID: 1572 	 Module: Claims Adjudication 	 Name: Claim Line Item Split - Variant 27 	 Id: TC2549 	 Description: Verify adjudication engine logic for Claim Line Item Split 	 Precondition: Claim adjudication rules engine initialized. 	 Test Step: 1 	 Test Step Description: Ingest synthetic claim payload testing Claim Line Item Split into the engine 	 Test Step Expected Result: Adjudication engine applies correct formula and outputs calculated totals.,
	Work Item ID: 1573 	 Module: AI Insights & Anomaly Detection 	 Name: Unusual Billing Pattern Flag - Variant 16 	 Id: TC2134 	 Description: Verify dashboard UI component displays output from Unusual Billing Pattern Flag 	 Precondition: Historical baseline metrics ingested and indexed. 	 Test Step: 1 	 Test Step Description: Trigger dashboard refresh and monitor response latency for Unusual Billing Pattern Flag 	 Test Step Expected Result: Visualization widget renders top trends with accurate confidence scores.,
	Work Item ID: 1573 	 Module: AI Insights & Anomaly Detection 	 Name: Recommendation Engine Ranking - Variant 27 	 Id: TC2550 	 Description: Verify dashboard UI component displays output from Recommendation Engine Ranking 	 Precondition: Historical baseline metrics ingested and indexed. 	 Test Step: 1 	 Test Step Description: Trigger dashboard refresh and monitor response latency for Recommendation Engine Ranking 	 Test Step Expected Result: Visualization widget renders top trends with accurate confidence scores.,
	Work Item ID: 1573 	 Module: AI Insights & Anomaly Detection 	 Name: Recommendation Engine Ranking - Variant 12 	 Id: TC1950 	 Description: Verify dashboard UI component displays output from Recommendation Engine Ranking 	 Precondition: Historical baseline metrics ingested and indexed. 	 Test Step: 1 	 Test Step Description: Trigger dashboard refresh and monitor response latency for Recommendation Engine Ranking 	 Test Step Expected Result: Visualization widget renders top trends with accurate confidence scores.,
	Work Item ID: 1573 	 Module: AI Insights & Anomaly Detection 	 Name: Model Drift Monitoring - Variant 18 	 Id: TC2188 	 Description: Verify accuracy and SLA metrics for Model Drift Monitoring predictive execution 	 Precondition: Model checkpoint v2.4 loaded in runtime environment. 	 Test Step: 1 	 Test Step Description: Interact with AI insight card component for Model Drift Monitoring 	 Test Step Expected Result: Explanation model outputs clear feature contribution breakdown.,
	Work Item ID: 1573 	 Module: AI Insights & Anomaly Detection 	 Name: Batch Model Scoring - Variant 11 	 Id: TC1920 	 Description: Verify accuracy and SLA metrics for Batch Model Scoring predictive execution 	 Precondition: Model checkpoint v2.4 loaded in runtime environment. 	 Test Step: 1 	 Test Step Description: Interact with AI insight card component for Batch Model Scoring 	 Test Step Expected Result: Explanation model outputs clear feature contribution breakdown.,
	Work Item ID: 1572 	 Module: Claims Adjudication 	 Name: Out-of-Network Coinsurance - Variant 12 	 Id: TC1943 	 Description: Verify system handles invalid or missing data during Out-of-Network Coinsurance 	 Precondition: Inbound EDI 837 claim processing queue online. 	 Test Step: 1 	 Test Step Description: Submit claim batch containing edge case scenarios for Out-of-Network Coinsurance 	 Test Step Expected Result: System flags anomaly and routed claim to review queue instantly.,
	Work Item ID: 1573 	 Module: AI Insights & Anomaly Detection 	 Name: Unusual Billing Pattern Flag - Variant 21 	 Id: TC2334 	 Description: Verify dashboard UI component displays output from Unusual Billing Pattern Flag 	 Precondition: Historical baseline metrics ingested and indexed. 	 Test Step: 1 	 Test Step Description: Trigger dashboard refresh and monitor response latency for Unusual Billing Pattern Flag 	 Test Step Expected Result: Visualization widget renders top trends with accurate confidence scores.,
	Work Item ID: 1573 	 Module: AI Insights & Anomaly Detection 	 Name: Trend Anomaly Alert - Variant 17 	 Id: TC2142 	 Description: Verify dashboard UI component displays output from Trend Anomaly Alert 	 Precondition: Historical baseline metrics ingested and indexed. 	 Test Step: 1 	 Test Step Description: Trigger dashboard refresh and monitor response latency for Trend Anomaly Alert 	 Test Step Expected Result: Visualization widget renders top trends with accurate confidence scores.,
	Work Item ID: 1572 	 Module: Claims Adjudication 	 Name: In-Network Co-pay Calculation - Variant 20 	 Id: TC2261 	 Description: Verify adjudication engine logic for In-Network Co-pay Calculation 	 Precondition: Claim adjudication rules engine initialized. 	 Test Step: 1 	 Test Step Description: Ingest synthetic claim payload testing In-Network Co-pay Calculation into the engine 	 Test Step Expected Result: Adjudication engine applies correct formula and outputs calculated totals.,
	Work Item ID: 1573 	 Module: AI Insights & Anomaly Detection 	 Name: Feature Attribution UI - Variant 3 	 Id: TC1592 	 Description: Verify accuracy and SLA metrics for Feature Attribution UI predictive execution 	 Precondition: Model checkpoint v2.4 loaded in runtime environment. 	 Test Step: 1 	 Test Step Description: Interact with AI insight card component for Feature Attribution UI 	 Test Step Expected Result: Explanation model outputs clear feature contribution breakdown.,
	Work Item ID: 1573 	 Module: AI Insights & Anomaly Detection 	 Name: Automated Summary Generation - Variant 11 	 Id: TC1938 	 Description: Verify dashboard UI component displays output from Automated Summary Generation 	 Precondition: Historical baseline metrics ingested and indexed. 	 Test Step: 1 	 Test Step Description: Trigger dashboard refresh and monitor response latency for Automated Summary Generation 	 Test Step Expected Result: Visualization widget renders top trends with accurate confidence scores.,
	Work Item ID: 1573 	 Module: AI Insights & Anomaly Detection 	 Name: Model Retraining Trigger - Variant 24 	 Id: TC2460 	 Description: Verify accuracy and SLA metrics for Model Retraining Trigger predictive execution 	 Precondition: Model checkpoint v2.4 loaded in runtime environment. 	 Test Step: 1 	 Test Step Description: Interact with AI insight card component for Model Retraining Trigger 	 Test Step Expected Result: Explanation model outputs clear feature contribution breakdown.,
	Work Item ID: 1573 	 Module: AI Insights & Anomaly Detection 	 Name: Historical Baseline Comparison - Variant 4 	 Id: TC1648 	 Description: Verify accuracy and SLA metrics for Historical Baseline Comparison predictive execution 	 Precondition: Model checkpoint v2.4 loaded in runtime environment. 	 Test Step: 1 	 Test Step Description: Interact with AI insight card component for Historical Baseline Comparison 	 Test Step Expected Result: Explanation model outputs clear feature contribution breakdown.,
	Work Item ID: 1572 	 Module: Claims Adjudication 	 Name: Tax ID Validation - Variant 23 	 Id: TC2415 	 Description: Verify system handles invalid or missing data during Tax ID Validation 	 Precondition: Inbound EDI 837 claim processing queue online. 	 Test Step: 1 	 Test Step Description: Submit claim batch containing edge case scenarios for Tax ID Validation 	 Test Step Expected Result: System flags anomaly and routed claim to review queue instantly.,
	Work Item ID: 1572 	 Module: Claims Adjudication 	 Name: Duplicate Claim Rejection - Variant 21 	 Id: TC2315 	 Description: Verify system handles invalid or missing data during Duplicate Claim Rejection 	 Precondition: Inbound EDI 837 claim processing queue online. 	 Test Step: 1 	 Test Step Description: Submit claim batch containing edge case scenarios for Duplicate Claim Rejection 	 Test Step Expected Result: System flags anomaly and routed claim to review queue instantly.,
	Work Item ID: 1573 	 Module: AI Insights & Anomaly Detection 	 Name: False Positive Feedback Loop - Variant 26 	 Id: TC2518 	 Description: Verify dashboard UI component displays output from False Positive Feedback Loop 	 Precondition: Historical baseline metrics ingested and indexed. 	 Test Step: 1 	 Test Step Description: Trigger dashboard refresh and monitor response latency for False Positive Feedback Loop 	 Test Step Expected Result: Visualization widget renders top trends with accurate confidence scores.,
	Work Item ID: 1572 	 Module: Claims Adjudication 	 Name: Out-of-Network Coinsurance - Variant 24 	 Id: TC2423 	 Description: Verify system handles invalid or missing data during Out-of-Network Coinsurance 	 Precondition: Inbound EDI 837 claim processing queue online. 	 Test Step: 1 	 Test Step Description: Submit claim batch containing edge case scenarios for Out-of-Network Coinsurance 	 Test Step Expected Result: System flags anomaly and routed claim to review queue instantly.,
	Work Item ID: 1572 	 Module: Claims Adjudication 	 Name: Corrected Claim Resubmission - Variant 20 	 Id: TC2297 	 Description: Verify adjudication engine logic for Corrected Claim Resubmission 	 Precondition: Claim adjudication rules engine initialized. 	 Test Step: 1 	 Test Step Description: Ingest synthetic claim payload testing Corrected Claim Resubmission into the engine 	 Test Step Expected Result: Adjudication engine applies correct formula and outputs calculated totals.,
	Work Item ID: 1572 	 Module: Claims Adjudication 	 Name: Pre-authorization Check - Variant 19 	 Id: TC2225 	 Description: Verify adjudication engine logic for Pre-authorization Check 	 Precondition: Claim adjudication rules engine initialized. 	 Test Step: 1 	 Test Step Description: Ingest synthetic claim payload testing Pre-authorization Check into the engine 	 Test Step Expected Result: Adjudication engine applies correct formula and outputs calculated totals.,
	Work Item ID: 1573 	 Module: AI Insights & Anomaly Detection 	 Name: Cost Spike Detection - Variant 7 	 Id: TC1746 	 Description: Verify dashboard UI component displays output from Cost Spike Detection 	 Precondition: Historical baseline metrics ingested and indexed. 	 Test Step: 1 	 Test Step Description: Trigger dashboard refresh and monitor response latency for Cost Spike Detection 	 Test Step Expected Result: Visualization widget renders top trends with accurate confidence scores.,
	Work Item ID: 1572 	 Module: Claims Adjudication 	 Name: Duplicate Claim Rejection - Variant 29 	 Id: TC2635 	 Description: Verify system handles invalid or missing data during Duplicate Claim Rejection 	 Precondition: Inbound EDI 837 claim processing queue online. 	 Test Step: 1 	 Test Step Description: Submit claim batch containing edge case scenarios for Duplicate Claim Rejection 	 Test Step Expected Result: System flags anomaly and routed claim to review queue instantly.,
	Work Item ID: 1572 	 Module: Claims Adjudication 	 Name: High Value Claim Audit Trigger - Variant 10 	 Id: TC1893 	 Description: Verify adjudication engine logic for High Value Claim Audit Trigger 	 Precondition: Claim adjudication rules engine initialized. 	 Test Step: 1 	 Test Step Description: Ingest synthetic claim payload testing High Value Claim Audit Trigger into the engine 	 Test Step Expected Result: Adjudication engine applies correct formula and outputs calculated totals.,
	Work Item ID: 1572 	 Module: Claims Adjudication 	 Name: Batch Claim Ingestion - Variant 27 	 Id: TC2571 	 Description: Verify system handles invalid or missing data during Batch Claim Ingestion 	 Precondition: Inbound EDI 837 claim processing queue online. 	 Test Step: 1 	 Test Step Description: Submit claim batch containing edge case scenarios for Batch Claim Ingestion 	 Test Step Expected Result: System flags anomaly and routed claim to review queue instantly.,
	Work Item ID: 1572 	 Module: Claims Adjudication 	 Name: Pre-authorization Check - Variant 16 	 Id: TC2105 	 Description: Verify adjudication engine logic for Pre-authorization Check 	 Precondition: Claim adjudication rules engine initialized. 	 Test Step: 1 	 Test Step Description: Ingest synthetic claim payload testing Pre-authorization Check into the engine 	 Test Step Expected Result: Adjudication engine applies correct formula and outputs calculated totals.,
	Work Item ID: 1572 	 Module: Claims Adjudication 	 Name: Denial Code ERR-ENR-02 - Variant 9 	 Id: TC1841 	 Description: Verify adjudication engine logic for Denial Code ERR-ENR-02 	 Precondition: Claim adjudication rules engine initialized. 	 Test Step: 1 	 Test Step Description: Ingest synthetic claim payload testing Denial Code ERR-ENR-02 into the engine 	 Test Step Expected Result: Adjudication engine applies correct formula and outputs calculated totals.,
	Work Item ID: 1572 	 Module: Claims Adjudication 	 Name: Out-of-Network Coinsurance - Variant 23 	 Id: TC2383 	 Description: Verify system handles invalid or missing data during Out-of-Network Coinsurance 	 Precondition: Inbound EDI 837 claim processing queue online. 	 Test Step: 1 	 Test Step Description: Submit claim batch containing edge case scenarios for Out-of-Network Coinsurance 	 Test Step Expected Result: System flags anomaly and routed claim to review queue instantly.,
	Work Item ID: 1572 	 Module: Claims Adjudication 	 Name: Diagnosis Code Validation - Variant 23 	 Id: TC2391 	 Description: Verify system handles invalid or missing data during Diagnosis Code Validation 	 Precondition: Inbound EDI 837 claim processing queue online. 	 Test Step: 1 	 Test Step Description: Submit claim batch containing edge case scenarios for Diagnosis Code Validation 	 Test Step Expected Result: System flags anomaly and routed claim to review queue instantly.,
	Work Item ID: 1572 	 Module: Claims Adjudication 	 Name: Provider NPI Verification - Variant 18 	 Id: TC2205 	 Description: Verify adjudication engine logic for Provider NPI Verification 	 Precondition: Claim adjudication rules engine initialized. 	 Test Step: 1 	 Test Step Description: Ingest synthetic claim payload testing Provider NPI Verification into the engine 	 Test Step Expected Result: Adjudication engine applies correct formula and outputs calculated totals.,
	Work Item ID: 1573 	 Module: AI Insights & Anomaly Detection 	 Name: Model Retraining Trigger - Variant 25 	 Id: TC2500 	 Description: Verify accuracy and SLA metrics for Model Retraining Trigger predictive execution 	 Precondition: Model checkpoint v2.4 loaded in runtime environment. 	 Test Step: 1 	 Test Step Description: Interact with AI insight card component for Model Retraining Trigger 	 Test Step Expected Result: Explanation model outputs clear feature contribution breakdown.,
	Work Item ID: 1572 	 Module: Claims Adjudication 	 Name: Maximum Out-of-Pocket Cap - Variant 25 	 Id: TC2489 	 Description: Verify adjudication engine logic for Maximum Out-of-Pocket Cap 	 Precondition: Claim adjudication rules engine initialized. 	 Test Step: 1 	 Test Step Description: Ingest synthetic claim payload testing Maximum Out-of-Pocket Cap into the engine 	 Test Step Expected Result: Adjudication engine applies correct formula and outputs calculated totals.,
	Work Item ID: 1572 	 Module: Claims Adjudication 	 Name: Claim Line Item Split - Variant 22 	 Id: TC2349 	 Description: Verify adjudication engine logic for Claim Line Item Split 	 Precondition: Claim adjudication rules engine initialized. 	 Test Step: 1 	 Test Step Description: Ingest synthetic claim payload testing Claim Line Item Split into the engine 	 Test Step Expected Result: Adjudication engine applies correct formula and outputs calculated totals.,
	Work Item ID: 1573 	 Module: AI Insights & Anomaly Detection 	 Name: Predictive No-Show Score - Variant 22 	 Id: TC2344 	 Description: Verify accuracy and SLA metrics for Predictive No-Show Score predictive execution 	 Precondition: Model checkpoint v2.4 loaded in runtime environment. 	 Test Step: 1 	 Test Step Description: Interact with AI insight card component for Predictive No-Show Score 	 Test Step Expected Result: Explanation model outputs clear feature contribution breakdown.,
	Work Item ID: 1573 	 Module: AI Insights & Anomaly Detection 	 Name: Patient Risk Stratification - Variant 26 	 Id: TC2536 	 Description: Verify accuracy and SLA metrics for Patient Risk Stratification predictive execution 	 Precondition: Model checkpoint v2.4 loaded in runtime environment. 	 Test Step: 1 	 Test Step Description: Interact with AI insight card component for Patient Risk Stratification 	 Test Step Expected Result: Explanation model outputs clear feature contribution breakdown.,
	Work Item ID: 1572 	 Module: Claims Adjudication 	 Name: Bundled Service Deduction - Variant 22 	 Id: TC2367 	 Description: Verify system handles invalid or missing data during Bundled Service Deduction 	 Precondition: Inbound EDI 837 claim processing queue online. 	 Test Step: 1 	 Test Step Description: Submit claim batch containing edge case scenarios for Bundled Service Deduction 	 Test Step Expected Result: System flags anomaly and routed claim to review queue instantly.,
	Work Item ID: 1573 	 Module: AI Insights & Anomaly Detection 	 Name: Confidence Threshold Filter - Variant 21 	 Id: TC2316 	 Description: Verify accuracy and SLA metrics for Confidence Threshold Filter predictive execution 	 Precondition: Model checkpoint v2.4 loaded in runtime environment. 	 Test Step: 1 	 Test Step Description: Interact with AI insight card component for Confidence Threshold Filter 	 Test Step Expected Result: Explanation model outputs clear feature contribution breakdown.,
	Work Item ID: 1573 	 Module: AI Insights & Anomaly Detection 	 Name: Cost Spike Detection - Variant 2 	 Id: TC1546 	 Description: Verify dashboard UI component displays output from Cost Spike Detection 	 Precondition: Historical baseline metrics ingested and indexed. 	 Test Step: 1 	 Test Step Description: Trigger dashboard refresh and monitor response latency for Cost Spike Detection 	 Test Step Expected Result: Visualization widget renders top trends with accurate confidence scores.,
	Work Item ID: 1573 	 Module: AI Insights & Anomaly Detection 	 Name: Historical Baseline Comparison - Variant 2 	 Id: TC1568 	 Description: Verify accuracy and SLA metrics for Historical Baseline Comparison predictive execution 	 Precondition: Model checkpoint v2.4 loaded in runtime environment. 	 Test Step: 1 	 Test Step Description: Interact with AI insight card component for Historical Baseline Comparison 	 Test Step Expected Result: Explanation model outputs clear feature contribution breakdown.,
	Work Item ID: 1572 	 Module: Claims Adjudication 	 Name: Denial Code ERR-ENR-02 - Variant 6 	 Id: TC1721 	 Description: Verify adjudication engine logic for Denial Code ERR-ENR-02 	 Precondition: Claim adjudication rules engine initialized. 	 Test Step: 1 	 Test Step Description: Ingest synthetic claim payload testing Denial Code ERR-ENR-02 into the engine 	 Test Step Expected Result: Adjudication engine applies correct formula and outputs calculated totals.,
	Work Item ID: 1572 	 Module: Claims Adjudication 	 Name: In-Network Co-pay Calculation - Variant 23 	 Id: TC2381 	 Description: Verify adjudication engine logic for In-Network Co-pay Calculation 	 Precondition: Claim adjudication rules engine initialized. 	 Test Step: 1 	 Test Step Description: Ingest synthetic claim payload testing In-Network Co-pay Calculation into the engine 	 Test Step Expected Result: Adjudication engine applies correct formula and outputs calculated totals.,
	Work Item ID: 1573 	 Module: AI Insights & Anomaly Detection 	 Name: Real-time Stream Ingestion - Variant 20 	 Id: TC2274 	 Description: Verify dashboard UI component displays output from Real-time Stream Ingestion 	 Precondition: Historical baseline metrics ingested and indexed. 	 Test Step: 1 	 Test Step Description: Trigger dashboard refresh and monitor response latency for Real-time Stream Ingestion 	 Test Step Expected Result: Visualization widget renders top trends with accurate confidence scores.,
	Work Item ID: 1573 	 Module: AI Insights & Anomaly Detection 	 Name: Model Retraining Trigger - Variant 18 	 Id: TC2220 	 Description: Verify accuracy and SLA metrics for Model Retraining Trigger predictive execution 	 Precondition: Model checkpoint v2.4 loaded in runtime environment. 	 Test Step: 1 	 Test Step Description: Interact with AI insight card component for Model Retraining Trigger 	 Test Step Expected Result: Explanation model outputs clear feature contribution breakdown.,
	Work Item ID: 1573 	 Module: AI Insights & Anomaly Detection 	 Name: Automated Summary Generation - Variant 18 	 Id: TC2218 	 Description: Verify dashboard UI component displays output from Automated Summary Generation 	 Precondition: Historical baseline metrics ingested and indexed. 	 Test Step: 1 	 Test Step Description: Trigger dashboard refresh and monitor response latency for Automated Summary Generation 	 Test Step Expected Result: Visualization widget renders top trends with accurate confidence scores.,
	Work Item ID: 1572 	 Module: Claims Adjudication 	 Name: Maximum Out-of-Pocket Cap - Variant 1 	 Id: TC1529 	 Description: Verify adjudication engine logic for Maximum Out-of-Pocket Cap 	 Precondition: Claim adjudication rules engine initialized. 	 Test Step: 1 	 Test Step Description: Ingest synthetic claim payload testing Maximum Out-of-Pocket Cap into the engine 	 Test Step Expected Result: Adjudication engine applies correct formula and outputs calculated totals.,
	Work Item ID: 1573 	 Module: AI Insights & Anomaly Detection 	 Name: Real-time Stream Ingestion - Variant 27 	 Id: TC2554 	 Description: Verify dashboard UI component displays output from Real-time Stream Ingestion 	 Precondition: Historical baseline metrics ingested and indexed. 	 Test Step: 1 	 Test Step Description: Trigger dashboard refresh and monitor response latency for Real-time Stream Ingestion 	 Test Step Expected Result: Visualization widget renders top trends with accurate confidence scores.,
	Work Item ID: 1573 	 Module: AI Insights & Anomaly Detection 	 Name: False Positive Feedback Loop - Variant 25 	 Id: TC2478 	 Description: Verify dashboard UI component displays output from False Positive Feedback Loop 	 Precondition: Historical baseline metrics ingested and indexed. 	 Test Step: 1 	 Test Step Description: Trigger dashboard refresh and monitor response latency for False Positive Feedback Loop 	 Test Step Expected Result: Visualization widget renders top trends with accurate confidence scores.,
	Work Item ID: 1573 	 Module: AI Insights & Anomaly Detection 	 Name: Model Retraining Trigger - Variant 22 	 Id: TC2380 	 Description: Verify accuracy and SLA metrics for Model Retraining Trigger predictive execution 	 Precondition: Model checkpoint v2.4 loaded in runtime environment. 	 Test Step: 1 	 Test Step Description: Interact with AI insight card component for Model Retraining Trigger 	 Test Step Expected Result: Explanation model outputs clear feature contribution breakdown.,
	Work Item ID: 1572 	 Module: Claims Adjudication 	 Name: Primary vs Secondary Payer - Variant 26 	 Id: TC2519 	 Description: Verify system handles invalid or missing data during Primary vs Secondary Payer 	 Precondition: Inbound EDI 837 claim processing queue online. 	 Test Step: 1 	 Test Step Description: Submit claim batch containing edge case scenarios for Primary vs Secondary Payer 	 Test Step Expected Result: System flags anomaly and routed claim to review queue instantly.,
	Work Item ID: 1573 	 Module: AI Insights & Anomaly Detection 	 Name: Model Drift Monitoring - Variant 24 	 Id: TC2428 	 Description: Verify accuracy and SLA metrics for Model Drift Monitoring predictive execution 	 Precondition: Model checkpoint v2.4 loaded in runtime environment. 	 Test Step: 1 	 Test Step Description: Interact with AI insight card component for Model Drift Monitoring 	 Test Step Expected Result: Explanation model outputs clear feature contribution breakdown.,
	Work Item ID: 1572 	 Module: Claims Adjudication 	 Name: Duplicate Claim Rejection - Variant 25 	 Id: TC2475 	 Description: Verify system handles invalid or missing data during Duplicate Claim Rejection 	 Precondition: Inbound EDI 837 claim processing queue online. 	 Test Step: 1 	 Test Step Description: Submit claim batch containing edge case scenarios for Duplicate Claim Rejection 	 Test Step Expected Result: System flags anomaly and routed claim to review queue instantly.,
